Age,Gender,Education_Level,Job_Title,Years_of_Experience,Industry,Location,Company_Size,Salary
28,Male,Master's,HR Manager,0,Finance,Bangalore,Large,80935
26,Male,PhD,Software Engineer,4,IT,Hyderabad,Small,98279
59,Female,Bachelor's,DevOps Engineer,0,Manufacturing,Delhi,Large,75611
49,Female,Master's,Software Engineer,18,Finance,Delhi,Medium,152552
30,Female,Master's,Data Analyst,3,IT,Mumbai,Small,78135
59,Female,High School,DevOps Engineer,8,Education,Pune,Small,83291
56,Male,Master's,Network Engineer,9,Finance,Delhi,Small,100233
39,Female,Bachelor's,Data Analyst,2,Education,Chennai,Medium,60664
44,Male,Bachelor's,UI/UX Designer,11,Healthcare,Delhi,Large,124480
31,Male,Bachelor's,Data Scientist,8,Education,Mumbai,Medium,103313
24,Male,High School,Marketing Executive,1,Education,Chennai,Small,44792
41,Female,PhD,Sales Executive,6,Manufacturing,Mumbai,Small,86287
36,Male,PhD,Network Engineer,8,Education,Chennai,Small,102348
52,Female,High School,Data Analyst,2,Finance,Delhi,Small,62771
25,Male,PhD,Network Engineer,3,Education,Pune,Medium,81376
55,Female,Master's,UI/UX Designer,24,Healthcare,Hyderabad,Medium,172591
50,Female,Master's,Accountant,0,Finance,Pune,Small,61317
59,Male,Bachelor's,Marketing Executive,6,Finance,Pune,Large,98813
41,Male,High School,Data Analyst,15,Healthcare,Chennai,Small,112446
57,Male,High School,DevOps Engineer,2,Education,Hyderabad,Large,75103
51,Male,Bachelor's,Project Manager,17,Retail,Pune,Medium,143335
33,Female,Master's,Sales Executive,11,Manufacturing,Delhi,Medium,112979
49,Male,Bachelor's,HR Manager,3,IT,Chennai,Small,73141
35,Male,High School,DevOps Engineer,0,Manufacturing,Hyderabad,Small,49514
42,Male,Bachelor's,Project Manager,2,Manufacturing,Mumbai,Small,70355
57,Male,Bachelor's,Business Analyst,15,Education,Bangalore,Small,118562
43,Male,PhD,Business Analyst,13,Manufacturing,Hyderabad,Large,141493
46,Female,Master's,Data Analyst,23,Finance,Bangalore,Small,161796
48,Male,Master's,Business Analyst,5,Finance,Hyderabad,Medium,90328
55,Female,High School,HR Manager,0,Finance,Mumbai,Medium,53502
46,Female,Bachelor's,Sales Executive,1,IT,Mumbai,Medium,65173
48,Male,PhD,Data Scientist,22,Finance,Chennai,Small,187489
55,Male,Master's,Software Engineer,1,IT,Pune,Medium,75431
53,Male,Bachelor's,Data Analyst,2,Retail,Hyderabad,Large,75615
28,Female,High School,Network Engineer,3,IT,Mumbai,Large,82772
34,Female,Master's,HR Manager,10,Healthcare,Mumbai,Small,103491
41,Male,High School,Business Analyst,2,Retail,Pune,Small,57808
34,Female,Master's,Data Scientist,8,Healthcare,Hyderabad,Small,106669
31,Female,Master's,Network Engineer,7,Manufacturing,Pune,Small,84197
29,Female,High School,Data Analyst,4,Manufacturing,Pune,Small,61616
59,Female,Master's,HR Manager,6,Manufacturing,Delhi,Medium,88114
24,Male,PhD,Project Manager,0,IT,Hyderabad,Medium,89291
31,Male,PhD,Accountant,11,Manufacturing,Mumbai,Large,127332
25,Male,Bachelor's,Accountant,5,IT,Chennai,Large,96541
29,Male,Master's,Marketing Executive,0,IT,Chennai,Small,55684
43,Male,PhD,Network Engineer,17,Manufacturing,Bangalore,Small,140400
47,Male,Bachelor's,DevOps Engineer,0,Healthcare,Mumbai,Large,78371
31,Male,High School,Sales Executive,11,IT,Mumbai,Small,100041
43,Female,Bachelor's,HR Manager,9,IT,Delhi,Small,95878
38,Female,Master's,Marketing Executive,2,Manufacturing,Pune,Medium,63452
28,Female,Bachelor's,Network Engineer,4,Healthcare,Hyderabad,Small,69663
41,Male,High School,Sales Executive,13,Retail,Bangalore,Medium,106644
21,Female,Master's,Sales Executive,0,IT,Delhi,Medium,65041
40,Female,Master's,UI/UX Designer,16,Education,Chennai,Medium,138083
29,Male,PhD,UI/UX Designer,3,Education,Delhi,Large,99824
40,Female,High School,Project Manager,12,Healthcare,Bangalore,Medium,118618
49,Male,Bachelor's,Accountant,14,Education,Delhi,Small,105649
53,Male,Master's,Data Analyst,21,Finance,Delhi,Medium,161762
30,Female,High School,HR Manager,0,Education,Pune,Small,40790
57,Male,PhD,Business Analyst,6,Education,Bangalore,Small,89746
48,Male,Bachelor's,DevOps Engineer,7,Retail,Mumbai,Small,85488
50,Female,PhD,UI/UX Designer,4,Retail,Pune,Large,103251
60,Female,PhD,Accountant,23,Education,Bangalore,Large,183873
37,Female,Master's,Accountant,7,Education,Delhi,Small,83706
25,Male,Master's,HR Manager,5,Healthcare,Chennai,Medium,83767
30,Male,PhD,DevOps Engineer,3,Finance,Delhi,Small,96297
47,Female,PhD,Sales Executive,10,IT,Bangalore,Medium,127569
22,Female,PhD,Business Analyst,2,IT,Chennai,Medium,95865
55,Female,Bachelor's,Business Analyst,23,Finance,Chennai,Medium,163975
45,Male,PhD,DevOps Engineer,10,Finance,Mumbai,Small,127455
58,Female,High School,Data Analyst,18,Manufacturing,Mumbai,Small,122977
24,Female,PhD,Marketing Executive,2,Finance,Mumbai,Medium,84211
38,Male,Master's,Data Analyst,13,Education,Hyderabad,Large,130233
35,Male,High School,Software Engineer,2,Finance,Bangalore,Small,59908
29,Female,High School,Network Engineer,7,Finance,Mumbai,Large,99543
31,Male,High School,Data Scientist,9,Healthcare,Hyderabad,Large,117611
57,Male,PhD,Sales Executive,21,Manufacturing,Bangalore,Small,153169
40,Female,High School,Network Engineer,19,IT,Chennai,Large,156571
25,Female,Master's,Software Engineer,4,Education,Mumbai,Small,74934
50,Female,Bachelor's,Sales Executive,22,Finance,Delhi,Large,170817
51,Male,PhD,DevOps Engineer,14,Retail,Chennai,Medium,141419
38,Female,Bachelor's,Business Analyst,14,Retail,Pune,Large,131511
22,Female,Master's,Data Scientist,1,Education,Bangalore,Medium,79076
38,Female,High School,Accountant,8,Finance,Hyderabad,Small,85004
56,Female,Bachelor's,DevOps Engineer,24,Education,Delhi,Large,184342
22,Female,Master's,HR Manager,0,Education,Delhi,Small,55528
44,Female,Master's,Sales Executive,15,Manufacturing,Pune,Medium,129934
38,Female,Master's,HR Manager,9,IT,Delhi,Small,99458
55,Female,Bachelor's,HR Manager,24,Finance,Delhi,Medium,172659
54,Female,Master's,Data Analyst,19,Finance,Chennai,Small,144439
40,Female,Bachelor's,Project Manager,0,IT,Hyderabad,Large,80068
52,Female,High School,Network Engineer,3,Healthcare,Mumbai,Medium,68082
32,Female,Master's,Business Analyst,0,IT,Hyderabad,Medium,71213
57,Male,High School,Data Scientist,20,Finance,Pune,Medium,159066
28,Female,PhD,Network Engineer,8,Retail,Pune,Small,102381
49,Male,PhD,Project Manager,9,Retail,Pune,Small,110904
34,Male,High School,Data Scientist,4,Finance,Bangalore,Large,95564
21,Male,PhD,DevOps Engineer,1,Retail,Mumbai,Medium,85292
39,Male,PhD,Data Analyst,9,Manufacturing,Bangalore,Medium,116465
28,Male,Bachelor's,UI/UX Designer,8,Finance,Chennai,Small,86977
31,Female,Master's,Business Analyst,4,IT,Mumbai,Large,104594
38,Female,PhD,Business Analyst,16,IT,Pune,Small,149280
59,Male,High School,Data Analyst,8,Finance,Delhi,Large,102415
57,Female,Bachelor's,Business Analyst,1,Retail,Delhi,Medium,60473
58,Female,PhD,Data Analyst,13,Education,Chennai,Medium,129760
27,Female,Master's,Sales Executive,2,Manufacturing,Mumbai,Medium,73012
23,Female,High School,Marketing Executive,3,Healthcare,Chennai,Small,57931
21,Female,PhD,Software Engineer,1,Finance,Pune,Medium,88742
24,Female,Master's,Accountant,1,Finance,Chennai,Medium,67489
22,Male,Bachelor's,DevOps Engineer,2,Finance,Chennai,Large,95048
47,Male,Bachelor's,Data Analyst,2,Education,Hyderabad,Large,76165
39,Female,Master's,Sales Executive,16,Education,Mumbai,Small,125031
30,Male,Bachelor's,Network Engineer,6,Retail,Delhi,Small,73526
47,Female,Master's,Software Engineer,10,Healthcare,Delhi,Medium,111434
49,Female,PhD,Marketing Executive,17,Healthcare,Pune,Large,159960
41,Male,Bachelor's,Network Engineer,6,Education,Bangalore,Medium,81213
51,Female,PhD,Sales Executive,22,Manufacturing,Delhi,Small,156606
29,Female,Master's,Data Analyst,8,Education,Hyderabad,Large,102251
30,Female,Bachelor's,Data Analyst,6,Education,Chennai,Medium,77315
42,Male,PhD,Marketing Executive,21,Manufacturing,Delhi,Medium,159621
36,Male,Bachelor's,DevOps Engineer,9,IT,Mumbai,Small,109769
31,Female,Master's,Software Engineer,11,IT,Chennai,Small,117373
44,Male,Bachelor's,HR Manager,13,Retail,Mumbai,Large,119285
32,Male,PhD,Network Engineer,1,Manufacturing,Bangalore,Medium,77304
50,Female,Master's,Business Analyst,20,Healthcare,Delhi,Small,150712
55,Female,High School,Business Analyst,5,Healthcare,Pune,Medium,78597
50,Female,Bachelor's,Sales Executive,9,Education,Hyderabad,Small,86870
43,Female,Master's,DevOps Engineer,18,Healthcare,Hyderabad,Large,166497
21,Male,PhD,Project Manager,0,Finance,Pune,Medium,85115
60,Male,Bachelor's,UI/UX Designer,8,IT,Delhi,Large,112061
49,Female,Master's,DevOps Engineer,1,Finance,Hyderabad,Medium,85307
32,Female,Bachelor's,Accountant,3,Healthcare,Pune,Large,77195
37,Male,Master's,DevOps Engineer,15,Healthcare,Hyderabad,Medium,140806
35,Male,Master's,Data Analyst,12,Education,Hyderabad,Medium,117451
44,Male,Master's,Network Engineer,21,Education,Delhi,Medium,154330
51,Female,Master's,Network Engineer,0,Finance,Delhi,Small,60951
47,Male,Bachelor's,Software Engineer,3,IT,Chennai,Medium,78092
36,Female,PhD,Business Analyst,4,Healthcare,Delhi,Large,111622
30,Male,High School,Business Analyst,6,Retail,Mumbai,Medium,81070
34,Female,PhD,HR Manager,7,Healthcare,Hyderabad,Large,119420
43,Male,PhD,Project Manager,1,Finance,Hyderabad,Medium,89975
59,Male,High School,Marketing Executive,0,Finance,Bangalore,Large,58124
56,Male,Bachelor's,HR Manager,6,Healthcare,Bangalore,Large,93542
30,Male,Master's,Data Scientist,2,IT,Delhi,Small,81243
43,Male,Master's,Software Engineer,7,Finance,Chennai,Small,97397
54,Male,High School,Business Analyst,3,Education,Chennai,Large,77905
53,Female,High School,DevOps Engineer,7,Manufacturing,Pune,Medium,89010
24,Female,PhD,Sales Executive,3,Manufacturing,Hyderabad,Medium,79704
26,Female,Bachelor's,Data Analyst,2,Finance,Chennai,Large,82240
59,Male,Master's,Business Analyst,16,Retail,Pune,Medium,133874
56,Female,Bachelor's,Sales Executive,23,Education,Bangalore,Medium,155930
46,Female,High School,Marketing Executive,13,Education,Chennai,Large,113632
30,Female,PhD,Data Analyst,10,IT,Hyderabad,Small,115582
44,Male,High School,Network Engineer,4,Retail,Pune,Medium,69730
43,Female,PhD,DevOps Engineer,21,IT,Chennai,Large,197261
27,Female,Bachelor's,UI/UX Designer,3,Education,Bangalore,Small,64613
44,Male,Master's,Network Engineer,3,Finance,Mumbai,Large,97477
38,Female,Bachelor's,Project Manager,0,Manufacturing,Chennai,Medium,60100
32,Male,PhD,Data Analyst,2,Finance,Delhi,Large,94503
54,Female,PhD,Sales Executive,6,Education,Chennai,Small,86105
41,Male,High School,Software Engineer,18,Finance,Bangalore,Large,147336
38,Female,PhD,Business Analyst,14,Retail,Mumbai,Medium,136531
53,Female,Master's,Sales Executive,3,IT,Chennai,Large,95133
40,Male,Bachelor's,Sales Executive,1,Retail,Hyderabad,Small,47438
34,Male,Bachelor's,Project Manager,12,Healthcare,Chennai,Small,116149
48,Female,Bachelor's,Sales Executive,5,Retail,Delhi,Small,61680
46,Female,High School,Sales Executive,23,IT,Mumbai,Small,155933
48,Male,PhD,DevOps Engineer,18,Manufacturing,Mumbai,Medium,166636
22,Male,Bachelor's,Network Engineer,1,Education,Delhi,Medium,60655
27,Female,PhD,Network Engineer,3,Education,Pune,Small,76583
42,Male,Master's,Data Scientist,7,IT,Pune,Large,130193
53,Male,Master's,Marketing Executive,6,Manufacturing,Delhi,Small,74684
30,Male,Bachelor's,Data Scientist,4,Retail,Bangalore,Large,93902
52,Female,PhD,UI/UX Designer,14,Retail,Delhi,Large,146179
30,Female,High School,Business Analyst,7,Education,Delhi,Medium,88189
24,Male,High School,Project Manager,2,Education,Mumbai,Small,59041
39,Female,High School,Network Engineer,2,Retail,Pune,Medium,63508
56,Female,High School,Business Analyst,25,Retail,Delhi,Small,162412
51,Male,Bachelor's,Software Engineer,16,Education,Hyderabad,Medium,132266
32,Male,Bachelor's,DevOps Engineer,0,Education,Mumbai,Large,74962
44,Male,PhD,Sales Executive,9,Healthcare,Delhi,Large,122982
25,Female,High School,Accountant,2,Manufacturing,Mumbai,Medium,62874
30,Female,High School,Network Engineer,5,Manufacturing,Bangalore,Medium,75921
29,Female,High School,Project Manager,9,Retail,Mumbai,Large,105593
54,Female,PhD,Accountant,2,Healthcare,Hyderabad,Medium,79953
34,Male,PhD,HR Manager,5,Finance,Bangalore,Small,91346
27,Male,Master's,Network Engineer,0,Finance,Pune,Medium,66658
32,Female,Bachelor's,DevOps Engineer,11,Education,Hyderabad,Medium,112391
49,Male,Master's,DevOps Engineer,19,Education,Bangalore,Large,166570
51,Female,Master's,UI/UX Designer,6,Retail,Mumbai,Medium,91256
53,Female,PhD,Data Scientist,16,Finance,Pune,Small,151854
51,Male,High School,DevOps Engineer,11,Retail,Hyderabad,Medium,107126
38,Female,Bachelor's,Sales Executive,14,IT,Bangalore,Medium,119436
47,Male,PhD,Accountant,1,Healthcare,Bangalore,Medium,78642
35,Male,Master's,Data Analyst,0,Manufacturing,Delhi,Medium,61254
23,Female,PhD,DevOps Engineer,2,Finance,Delhi,Medium,93086
26,Female,Master's,HR Manager,0,Finance,Pune,Large,73821
39,Female,Master's,Data Analyst,7,IT,Bangalore,Medium,99529
28,Male,High School,UI/UX Designer,7,Retail,Pune,Small,74272
48,Male,Master's,HR Manager,0,Retail,Mumbai,Small,55576
44,Female,High School,Sales Executive,2,Education,Hyderabad,Large,65116
37,Male,Master's,Data Analyst,0,Healthcare,Bangalore,Large,80533
42,Male,High School,Marketing Executive,4,Retail,Chennai,Large,75612
51,Male,Bachelor's,Data Scientist,20,IT,Delhi,Medium,167807
33,Female,Bachelor's,Software Engineer,0,Healthcare,Chennai,Large,75897
51,Male,High School,UI/UX Designer,8,Finance,Chennai,Medium,94438
38,Female,Master's,Sales Executive,3,Education,Delhi,Medium,71054
32,Female,PhD,Marketing Executive,7,Retail,Chennai,Small,86793
48,Male,Bachelor's,Accountant,19,Healthcare,Chennai,Small,133872
39,Female,PhD,Network Engineer,9,Manufacturing,Mumbai,Small,107259
49,Male,Master's,Network Engineer,1,Education,Chennai,Large,71729
46,Female,Bachelor's,Software Engineer,11,Finance,Pune,Large,120070
29,Male,Bachelor's,UI/UX Designer,1,Healthcare,Chennai,Medium,69413
30,Male,PhD,Marketing Executive,10,Healthcare,Mumbai,Small,111674
44,Male,Master's,UI/UX Designer,12,Healthcare,Bangalore,Small,111048
52,Female,PhD,Accountant,16,IT,Chennai,Medium,149515
60,Female,PhD,HR Manager,9,IT,Bangalore,Small,110328
49,Female,Master's,UI/UX Designer,2,Healthcare,Delhi,Small,67914
31,Male,Bachelor's,Marketing Executive,11,Retail,Bangalore,Small,88775
36,Female,High School,Marketing Executive,15,Retail,Pune,Medium,116538
29,Female,High School,Data Analyst,9,Healthcare,Mumbai,Large,108112
47,Male,PhD,Network Engineer,24,IT,Bangalore,Medium,192372
50,Male,Master's,Data Scientist,21,Retail,Delhi,Large,176614
48,Male,High School,Data Analyst,16,Retail,Bangalore,Medium,119653
41,Male,Master's,Accountant,7,Healthcare,Hyderabad,Medium,98524
38,Male,Master's,Network Engineer,4,Retail,Hyderabad,Large,94696
58,Female,Bachelor's,UI/UX Designer,4,Retail,Delhi,Large,88234
23,Male,High School,Software Engineer,0,Manufacturing,Pune,Medium,59373
47,Female,High School,Business Analyst,19,Manufacturing,Pune,Medium,143412
36,Male,Master's,Business Analyst,12,IT,Delhi,Small,123202
47,Female,PhD,HR Manager,15,Healthcare,Pune,Small,133731
43,Female,Bachelor's,Marketing Executive,12,Retail,Pune,Small,94960
50,Male,Master's,Business Analyst,3,Finance,Bangalore,Small,77254
45,Female,PhD,HR Manager,19,Finance,Chennai,Large,170610
31,Male,PhD,Business Analyst,7,Healthcare,Mumbai,Small,103942
53,Male,Bachelor's,HR Manager,14,Retail,Chennai,Small,107609
52,Female,PhD,Project Manager,19,Retail,Hyderabad,Small,154694
37,Male,PhD,Marketing Executive,11,IT,Mumbai,Small,119439
56,Female,High School,Sales Executive,9,Retail,Mumbai,Large,93446
29,Male,PhD,Marketing Executive,1,Healthcare,Pune,Medium,73761
59,Male,PhD,Accountant,16,IT,Hyderabad,Small,143456
51,Female,PhD,Data Scientist,16,Retail,Pune,Small,149218
31,Female,Master's,Network Engineer,6,Healthcare,Pune,Large,107222
40,Female,High School,Marketing Executive,15,Healthcare,Delhi,Small,113063
40,Male,High School,Network Engineer,20,Education,Chennai,Large,144841
58,Female,Bachelor's,Accountant,15,Manufacturing,Delhi,Large,128921
36,Female,High School,HR Manager,1,IT,Mumbai,Medium,59981
47,Male,Bachelor's,Sales Executive,22,Retail,Pune,Medium,147262
54,Female,Master's,UI/UX Designer,6,Education,Pune,Medium,86837
50,Female,Master's,Accountant,17,Healthcare,Delhi,Large,154495
51,Female,Bachelor's,Project Manager,6,Retail,Chennai,Small,81735
34,Female,PhD,Marketing Executive,11,Education,Chennai,Large,125215
28,Male,PhD,Sales Executive,8,Healthcare,Bangalore,Medium,107712
26,Male,PhD,UI/UX Designer,2,Healthcare,Delhi,Medium,84310
55,Male,Master's,Data Scientist,8,IT,Pune,Large,129972
24,Female,Bachelor's,UI/UX Designer,4,Finance,Hyderabad,Small,73411
51,Female,Bachelor's,Software Engineer,3,Retail,Bangalore,Medium,74322
33,Male,Master's,Marketing Executive,12,Healthcare,Delhi,Small,111406
35,Female,Bachelor's,Sales Executive,1,Finance,Hyderabad,Medium,60552
39,Female,High School,Project Manager,1,Retail,Pune,Small,54162
50,Male,PhD,Data Scientist,20,Retail,Mumbai,Medium,171845
42,Male,PhD,UI/UX Designer,5,Healthcare,Delhi,Small,92023
39,Female,Bachelor's,Data Scientist,18,Retail,Delhi,Medium,152442
41,Female,PhD,UI/UX Designer,2,IT,Bangalore,Small,84301
36,Female,Master's,Sales Executive,0,Finance,Mumbai,Medium,64947
58,Male,High School,Project Manager,23,Manufacturing,Chennai,Large,169517
28,Female,Master's,Data Scientist,7,Education,Delhi,Large,112423
39,Female,Bachelor's,HR Manager,11,Finance,Mumbai,Small,106424
44,Male,PhD,Accountant,13,Manufacturing,Bangalore,Small,125109
49,Male,Master's,Data Analyst,16,Retail,Hyderabad,Small,130383
55,Male,Bachelor's,Marketing Executive,4,Retail,Mumbai,Small,64554
52,Female,PhD,Software Engineer,2,Education,Bangalore,Large,95484
57,Female,PhD,UI/UX Designer,1,Healthcare,Delhi,Small,72669
21,Male,High School,Software Engineer,0,Education,Chennai,Large,65866
24,Male,PhD,Software Engineer,0,Healthcare,Mumbai,Small,72887
44,Male,PhD,Sales Executive,12,Education,Hyderabad,Large,131697
28,Male,PhD,Accountant,2,Finance,Delhi,Small,72372
40,Female,PhD,Accountant,14,Education,Bangalore,Small,123671
30,Female,Bachelor's,DevOps Engineer,4,IT,Hyderabad,Large,98256
36,Male,High School,Data Analyst,6,Retail,Hyderabad,Medium,76009
23,Male,PhD,HR Manager,3,Retail,Bangalore,Small,78755
39,Male,Master's,Network Engineer,7,Retail,Delhi,Medium,93444
30,Male,Bachelor's,Sales Executive,10,Healthcare,Chennai,Small,93999
56,Female,High School,Marketing Executive,15,Manufacturing,Delhi,Medium,116321
47,Male,Master's,Sales Executive,4,Finance,Pune,Medium,81692
40,Male,PhD,Software Engineer,4,Retail,Mumbai,Medium,94363
36,Female,Bachelor's,Marketing Executive,8,Manufacturing,Hyderabad,Medium,84514
55,Male,Bachelor's,Software Engineer,23,Healthcare,Mumbai,Large,171692
33,Male,Bachelor's,Business Analyst,12,Finance,Chennai,Medium,117470
33,Male,High School,DevOps Engineer,11,Education,Bangalore,Large,119998
36,Female,Master's,Sales Executive,10,Education,Pune,Large,112053
37,Female,PhD,Business Analyst,11,IT,Delhi,Medium,132828
44,Male,PhD,Software Engineer,10,Retail,Bangalore,Large,125265
37,Male,PhD,Project Manager,17,Finance,Bangalore,Medium,164723
57,Female,PhD,Accountant,7,Manufacturing,Delhi,Medium,105505
52,Female,Bachelor's,DevOps Engineer,14,Healthcare,Bangalore,Small,122015
55,Male,High School,Accountant,20,IT,Hyderabad,Large,152104
47,Male,Bachelor's,Data Analyst,4,Manufacturing,Bangalore,Small,70285
50,Female,High School,Network Engineer,11,Manufacturing,Delhi,Large,114493
22,Female,PhD,Software Engineer,0,IT,Pune,Large,98777
39,Male,PhD,Data Scientist,0,IT,Hyderabad,Large,103948
33,Female,Master's,Marketing Executive,9,Healthcare,Mumbai,Small,95152
50,Male,Bachelor's,DevOps Engineer,18,Finance,Chennai,Large,158519
26,Male,PhD,Sales Executive,3,Retail,Mumbai,Small,71307
26,Male,PhD,UI/UX Designer,3,Healthcare,Pune,Small,81264
34,Female,PhD,Project Manager,14,IT,Hyderabad,Large,166897
57,Male,High School,Data Scientist,21,Healthcare,Hyderabad,Small,155025
25,Female,Bachelor's,Network Engineer,2,Finance,Pune,Medium,72288
29,Male,Master's,Software Engineer,1,IT,Mumbai,Small,72080
59,Female,PhD,Marketing Executive,24,IT,Delhi,Medium,188038
35,Female,PhD,Sales Executive,11,Finance,Delhi,Large,130904
60,Male,Bachelor's,DevOps Engineer,9,IT,Hyderabad,Medium,116725
30,Female,Master's,Marketing Executive,6,IT,Hyderabad,Small,88286
44,Female,Master's,Data Analyst,24,Finance,Hyderabad,Small,171353
56,Male,PhD,Data Analyst,17,IT,Hyderabad,Medium,163280
59,Female,Master's,Sales Executive,25,IT,Chennai,Medium,176887
56,Female,Bachelor's,UI/UX Designer,7,Education,Bangalore,Small,78433
38,Female,Bachelor's,Data Analyst,15,Finance,Mumbai,Medium,129411
51,Female,High School,Marketing Executive,25,Healthcare,Bangalore,Large,176228
60,Female,PhD,Data Analyst,6,Finance,Chennai,Small,98443
60,Male,Master's,Business Analyst,12,Healthcare,Mumbai,Large,132922
41,Female,Bachelor's,Business Analyst,19,Healthcare,Bangalore,Medium,147275
52,Female,Bachelor's,Marketing Executive,18,Education,Chennai,Medium,126865
57,Female,Bachelor's,UI/UX Designer,6,Retail,Hyderabad,Large,91434
49,Female,Master's,DevOps Engineer,25,IT,Mumbai,Large,201780
40,Female,Master's,UI/UX Designer,7,Finance,Delhi,Medium,97711
49,Female,PhD,Network Engineer,19,Education,Pune,Large,170407
23,Female,High School,Data Analyst,2,Finance,Delhi,Large,73725
60,Male,PhD,Marketing Executive,1,Education,Hyderabad,Small,61739
35,Male,PhD,Marketing Executive,7,Education,Mumbai,Large,108151
22,Male,High School,Project Manager,1,Education,Hyderabad,Small,54207
40,Female,PhD,HR Manager,10,Retail,Mumbai,Medium,111599
49,Male,PhD,Marketing Executive,23,IT,Chennai,Small,167870
42,Male,High School,UI/UX Designer,20,Finance,Delhi,Small,144042
31,Male,PhD,Business Analyst,5,Finance,Mumbai,Large,112553
48,Female,High School,DevOps Engineer,12,Retail,Bangalore,Medium,115370
21,Male,Bachelor's,Project Manager,0,Manufacturing,Hyderabad,Large,78796
32,Female,Master's,HR Manager,5,Education,Hyderabad,Medium,85146
41,Female,PhD,Network Engineer,19,Education,Pune,Small,149266
50,Male,Bachelor's,UI/UX Designer,19,Manufacturing,Chennai,Large,150694
41,Male,Bachelor's,Project Manager,3,IT,Bangalore,Medium,89869
45,Female,Bachelor's,Network Engineer,13,Education,Mumbai,Small,108304
32,Female,Bachelor's,Business Analyst,8,Healthcare,Bangalore,Small,92389
60,Female,Master's,Software Engineer,1,Education,Bangalore,Small,64700
53,Female,PhD,Sales Executive,20,Manufacturing,Mumbai,Medium,163006
31,Male,High School,HR Manager,1,Healthcare,Hyderabad,Medium,60308
39,Male,PhD,Network Engineer,5,Manufacturing,Mumbai,Large,110883
28,Male,Master's,Accountant,4,IT,Delhi,Medium,88965
27,Male,Master's,Software Engineer,3,Education,Chennai,Medium,79693
28,Female,Bachelor's,DevOps Engineer,3,Retail,Delhi,Medium,76219
60,Female,Bachelor's,HR Manager,4,IT,Pune,Medium,85778
55,Female,Master's,DevOps Engineer,5,Healthcare,Chennai,Large,111928
27,Male,PhD,Software Engineer,2,Healthcare,Delhi,Small,79090
30,Female,Bachelor's,UI/UX Designer,5,Education,Mumbai,Small,71286
45,Female,High School,UI/UX Designer,14,IT,Mumbai,Large,135046
50,Female,Master's,Network Engineer,15,IT,Delhi,Small,132369
25,Female,PhD,HR Manager,4,Education,Bangalore,Medium,87289
39,Male,Bachelor's,Network Engineer,10,Education,Chennai,Large,104752
27,Male,High School,Data Analyst,7,Finance,Mumbai,Medium,90509
33,Male,Bachelor's,UI/UX Designer,11,Healthcare,Bangalore,Medium,110405
37,Female,Master's,UI/UX Designer,2,Manufacturing,Bangalore,Small,66005
35,Female,High School,DevOps Engineer,13,IT,Hyderabad,Small,116776
29,Male,Bachelor's,Accountant,9,Manufacturing,Mumbai,Small,87129
28,Male,Bachelor's,Business Analyst,6,IT,Bangalore,Medium,91678
27,Male,Master's,Project Manager,5,Finance,Mumbai,Small,87620
54,Female,High School,Network Engineer,18,Manufacturing,Bangalore,Medium,131490
30,Male,PhD,HR Manager,6,IT,Hyderabad,Small,103659
45,Male,PhD,Marketing Executive,11,Finance,Bangalore,Medium,122565
56,Male,Master's,DevOps Engineer,19,IT,Delhi,Medium,170982
59,Male,Bachelor's,DevOps Engineer,16,Education,Chennai,Large,144921
52,Male,High School,HR Manager,12,Education,Delhi,Large,114655
21,Female,Master's,Data Scientist,1,Education,Pune,Medium,82451
32,Male,PhD,Data Analyst,12,IT,Pune,Small,127295
34,Female,High School,Sales Executive,0,Retail,Chennai,Large,57939
46,Male,Bachelor's,Project Manager,2,IT,Chennai,Small,71545
55,Male,PhD,Network Engineer,10,Manufacturing,Delhi,Large,129081
48,Male,Bachelor's,Software Engineer,23,Finance,Hyderabad,Medium,170928
60,Male,High School,Project Manager,19,Manufacturing,Delhi,Large,152456
21,Female,High School,Data Scientist,0,Education,Chennai,Large,69735
44,Female,Master's,DevOps Engineer,4,IT,Hyderabad,Medium,99456
54,Female,Master's,DevOps Engineer,2,Retail,Delhi,Small,75457
53,Male,High School,Business Analyst,11,Retail,Bangalore,Medium,101679
27,Male,Bachelor's,DevOps Engineer,1,Retail,Hyderabad,Small,60506
23,Female,Master's,Sales Executive,3,Finance,Bangalore,Small,69178
41,Female,PhD,DevOps Engineer,7,Healthcare,Chennai,Small,106456
53,Female,High School,Data Scientist,21,Finance,Pune,Small,152629
50,Male,Master's,Marketing Executive,9,IT,Pune,Medium,108544
33,Female,Master's,DevOps Engineer,4,Retail,Bangalore,Medium,94694
52,Male,Bachelor's,DevOps Engineer,24,Retail,Bangalore,Small,166718
22,Male,Master's,UI/UX Designer,0,Manufacturing,Hyderabad,Medium,66164
40,Male,Bachelor's,Accountant,3,Finance,Mumbai,Medium,69832
38,Female,High School,HR Manager,2,Retail,Mumbai,Large,69511
26,Male,High School,Accountant,4,Finance,Delhi,Medium,76697
57,Female,PhD,UI/UX Designer,1,Finance,Bangalore,Medium,84661
46,Male,Master's,Marketing Executive,22,Education,Chennai,Small,145321
29,Female,High School,Data Scientist,9,IT,Bangalore,Medium,113645
47,Female,Master's,HR Manager,3,Education,Chennai,Medium,69464
26,Male,Master's,DevOps Engineer,1,Manufacturing,Pune,Small,70870
30,Female,Bachelor's,Marketing Executive,1,Education,Pune,Small,44762
32,Male,PhD,Business Analyst,0,Retail,Delhi,Large,81551
50,Male,Bachelor's,Data Analyst,3,IT,Hyderabad,Small,68746
46,Male,High School,Network Engineer,11,Retail,Chennai,Small,87556
33,Male,PhD,Data Scientist,10,IT,Chennai,Small,134552
24,Female,PhD,DevOps Engineer,1,Education,Mumbai,Small,79490
32,Male,Bachelor's,Data Scientist,5,Healthcare,Chennai,Medium,90067
60,Female,Bachelor's,UI/UX Designer,19,Healthcare,Mumbai,Medium,141499
26,Male,PhD,Data Scientist,2,Education,Bangalore,Large,106907
22,Female,Master's,Business Analyst,1,Retail,Mumbai,Medium,70863
38,Female,High School,Marketing Executive,5,Retail,Bangalore,Small,55459
51,Male,Master's,Network Engineer,16,Finance,Bangalore,Small,131951
38,Male,High School,HR Manager,17,Retail,Mumbai,Medium,122385
36,Female,Master's,Network Engineer,10,IT,Delhi,Large,131300
57,Female,Bachelor's,Business Analyst,4,Retail,Chennai,Small,63621
26,Female,Bachelor's,Network Engineer,0,Finance,Hyderabad,Large,67011
42,Female,Bachelor's,Data Scientist,19,Healthcare,Delhi,Small,145475
22,Female,Bachelor's,Data Analyst,0,Retail,Chennai,Small,48481
58,Female,Master's,Project Manager,3,Healthcare,Bangalore,Small,82482
41,Female,Master's,HR Manager,5,Manufacturing,Pune,Small,76526
39,Female,Bachelor's,DevOps Engineer,4,IT,Delhi,Large,107297
23,Male,Master's,Network Engineer,1,Finance,Delhi,Large,86629
30,Male,High School,HR Manager,5,Healthcare,Chennai,Small,67000
49,Female,Master's,HR Manager,0,Finance,Delhi,Small,58205
27,Male,High School,Sales Executive,0,Education,Delhi,Medium,46783
52,Male,Master's,Accountant,12,Education,Hyderabad,Medium,109664
49,Male,High School,Project Manager,2,IT,Chennai,Medium,73215
42,Male,PhD,Data Scientist,5,Manufacturing,Hyderabad,Large,120036
59,Male,PhD,DevOps Engineer,19,IT,Mumbai,Large,192450
48,Female,High School,Data Analyst,5,Healthcare,Bangalore,Small,72578
55,Female,Master's,Project Manager,8,Finance,Hyderabad,Small,109367
56,Male,Bachelor's,Software Engineer,15,Healthcare,Hyderabad,Medium,129325
59,Female,Bachelor's,Data Analyst,15,IT,Bangalore,Small,120842
51,Female,Master's,Sales Executive,3,Education,Mumbai,Large,76993
55,Female,Bachelor's,Marketing Executive,12,Education,Chennai,Small,90731
37,Male,PhD,Project Manager,14,Finance,Chennai,Large,157476
27,Male,Master's,Accountant,1,Education,Pune,Small,55842
54,Male,PhD,Network Engineer,13,Finance,Mumbai,Medium,138968
23,Male,High School,Business Analyst,1,Finance,Bangalore,Small,53567
23,Male,High School,UI/UX Designer,3,Education,Bangalore,Large,78249
37,Female,High School,Data Analyst,10,Education,Pune,Medium,93525
54,Female,High School,DevOps Engineer,14,Retail,Pune,Large,129843
47,Male,Bachelor's,Network Engineer,4,Retail,Pune,Small,69219
27,Female,Master's,Sales Executive,4,Healthcare,Mumbai,Large,94372
59,Female,High School,Data Scientist,15,Healthcare,Mumbai,Small,122135
46,Female,Bachelor's,Software Engineer,10,Manufacturing,Mumbai,Medium,100331
42,Male,Master's,Project Manager,9,Education,Delhi,Large,118234
29,Male,PhD,Marketing Executive,4,Healthcare,Delhi,Medium,87079
49,Male,PhD,DevOps Engineer,6,Education,Pune,Medium,111442
31,Male,Master's,DevOps Engineer,1,Retail,Mumbai,Small,66346
33,Male,Bachelor's,Software Engineer,13,Finance,Hyderabad,Medium,124404
33,Male,Master's,Business Analyst,4,Retail,Mumbai,Large,88500
36,Female,PhD,Network Engineer,11,Education,Bangalore,Medium,121140
31,Male,High School,Project Manager,4,IT,Mumbai,Small,82375
34,Female,Bachelor's,UI/UX Designer,13,Finance,Delhi,Small,115209
53,Male,High School,Business Analyst,0,Finance,Delhi,Small,50666
37,Female,Master's,Sales Executive,9,Education,Chennai,Medium,96075
50,Female,PhD,Network Engineer,9,IT,Hyderabad,Large,136698
59,Male,Master's,Project Manager,19,Manufacturing,Hyderabad,Medium,158009
38,Female,Master's,Project Manager,10,Manufacturing,Delhi,Large,125086
30,Female,Bachelor's,Software Engineer,8,Retail,Mumbai,Large,101292
22,Female,PhD,Project Manager,2,Healthcare,Mumbai,Medium,88578
58,Female,Bachelor's,Marketing Executive,22,Manufacturing,Delhi,Small,143873
53,Male,Bachelor's,UI/UX Designer,9,Retail,Bangalore,Medium,99213
29,Male,Bachelor's,UI/UX Designer,4,Healthcare,Delhi,Small,70820
35,Female,PhD,Marketing Executive,9,Healthcare,Chennai,Large,124098
28,Male,High School,UI/UX Designer,7,Retail,Pune,Large,95236
33,Female,High School,UI/UX Designer,8,Education,Pune,Medium,81885
30,Male,Bachelor's,Marketing Executive,2,Education,Pune,Medium,58183
32,Female,High School,Business Analyst,12,Healthcare,Delhi,Small,98950
21,Female,Master's,HR Manager,1,Finance,Pune,Small,59942
29,Female,PhD,UI/UX Designer,9,Education,Mumbai,Medium,113780
21,Male,Bachelor's,DevOps Engineer,0,Healthcare,Hyderabad,Medium,64293
21,Male,Bachelor's,DevOps Engineer,0,Healthcare,Chennai,Small,62284
53,Female,Master's,Data Scientist,18,IT,Hyderabad,Medium,168469
54,Female,Master's,Sales Executive,19,Manufacturing,Bangalore,Medium,146385
33,Male,PhD,Software Engineer,2,Finance,Bangalore,Large,99460
22,Male,Bachelor's,Data Analyst,2,Healthcare,Delhi,Large,79147
37,Male,High School,Network Engineer,17,IT,Delhi,Small,124290
28,Female,PhD,Sales Executive,6,IT,Pune,Medium,102508
34,Female,High School,Project Manager,11,Education,Delhi,Small,103422
29,Female,High School,Accountant,6,Manufacturing,Pune,Small,64867
27,Male,Bachelor's,Network Engineer,7,Finance,Chennai,Large,104364
47,Female,Bachelor's,Software Engineer,9,Retail,Mumbai,Small,90916
36,Female,High School,UI/UX Designer,0,IT,Hyderabad,Large,68443
26,Male,High School,DevOps Engineer,6,Manufacturing,Hyderabad,Medium,91483
39,Female,PhD,Software Engineer,8,IT,Bangalore,Small,113901
41,Male,High School,Data Analyst,13,IT,Hyderabad,Small,110884
43,Male,Master's,DevOps Engineer,14,IT,Chennai,Medium,141865
46,Female,PhD,Project Manager,12,Education,Delhi,Medium,130732
28,Female,High School,Data Scientist,2,IT,Mumbai,Large,96321
49,Male,PhD,Marketing Executive,5,Retail,Hyderabad,Large,102414
52,Female,PhD,Business Analyst,3,IT,Hyderabad,Medium,93702
54,Male,Bachelor's,UI/UX Designer,24,Healthcare,Pune,Large,180091
36,Male,Master's,UI/UX Designer,15,Manufacturing,Delhi,Medium,136647
60,Female,High School,UI/UX Designer,1,Finance,Pune,Medium,60209
25,Male,Master's,HR Manager,3,Healthcare,Chennai,Small,73519
45,Female,Bachelor's,Data Analyst,12,Education,Mumbai,Large,114442
52,Male,Master's,Data Analyst,14,Education,Delhi,Large,130681
46,Female,High School,Accountant,13,Retail,Hyderabad,Small,100828
56,Female,PhD,Marketing Executive,6,Healthcare,Hyderabad,Small,90439
56,Female,PhD,DevOps Engineer,24,Manufacturing,Chennai,Large,198868
27,Female,High School,Marketing Executive,3,Healthcare,Delhi,Medium,59241
23,Female,PhD,Data Scientist,1,Manufacturing,Delhi,Large,98252
37,Male,Bachelor's,Data Analyst,6,Education,Bangalore,Medium,81536
27,Female,High School,UI/UX Designer,6,Manufacturing,Pune,Small,74493
58,Male,Bachelor's,Business Analyst,16,IT,Pune,Large,154064
48,Male,PhD,Accountant,18,Finance,Delhi,Large,164103
27,Male,Master's,Accountant,6,Education,Mumbai,Large,94482
46,Female,Master's,Business Analyst,10,Finance,Bangalore,Medium,120975
41,Female,Bachelor's,HR Manager,17,Finance,Pune,Large,147157
29,Female,Master's,DevOps Engineer,2,IT,Chennai,Large,105548
57,Female,PhD,UI/UX Designer,21,Manufacturing,Pune,Medium,164709
54,Male,High School,Sales Executive,3,Finance,Hyderabad,Large,74775
38,Female,Master's,UI/UX Designer,5,Healthcare,Bangalore,Small,79842
55,Male,Master's,Business Analyst,1,IT,Pune,Large,93695
45,Female,Master's,DevOps Engineer,7,Manufacturing,Hyderabad,Medium,107325
41,Female,High School,Software Engineer,17,Manufacturing,Chennai,Small,122195
44,Male,Bachelor's,DevOps Engineer,24,Finance,Chennai,Medium,176220
32,Female,High School,Sales Executive,2,IT,Mumbai,Medium,62131
31,Male,Master's,Software Engineer,9,Healthcare,Mumbai,Large,115154
30,Female,High School,UI/UX Designer,5,Retail,Delhi,Medium,77882
56,Male,High School,DevOps Engineer,11,Healthcare,Pune,Small,109029
25,Male,Bachelor's,Sales Executive,4,Retail,Pune,Medium,69724
35,Female,Master's,Marketing Executive,6,Healthcare,Chennai,Small,84196
21,Male,Master's,Business Analyst,0,Finance,Delhi,Large,77653
41,Female,High School,Sales Executive,12,Healthcare,Pune,Large,109404
54,Male,Master's,Accountant,24,Retail,Mumbai,Medium,166856
33,Male,High School,Data Analyst,5,Finance,Pune,Large,85572
34,Female,Bachelor's,UI/UX Designer,10,Education,Hyderabad,Small,88181
30,Male,PhD,DevOps Engineer,0,Healthcare,Hyderabad,Small,73889
32,Female,Master's,Accountant,12,IT,Pune,Small,116678
45,Male,PhD,Sales Executive,14,Healthcare,Hyderabad,Medium,138762
21,Male,High School,DevOps Engineer,0,IT,Chennai,Large,79748
40,Male,High School,Project Manager,19,Education,Mumbai,Medium,145265
31,Female,Bachelor's,Data Scientist,8,Manufacturing,Mumbai,Large,113360
40,Male,Master's,Software Engineer,20,Retail,Pune,Small,142684
21,Female,High School,Project Manager,1,Finance,Delhi,Large,77969
47,Female,Bachelor's,Data Scientist,20,Finance,Bangalore,Large,173183
28,Male,High School,Accountant,2,Education,Delhi,Large,64762
25,Female,High School,HR Manager,2,Manufacturing,Pune,Medium,59851
29,Female,High School,Project Manager,3,Retail,Hyderabad,Small,66460
49,Female,Master's,DevOps Engineer,10,Retail,Bangalore,Large,127182
48,Female,High School,Marketing Executive,5,Finance,Bangalore,Large,84033
44,Female,Master's,Business Analyst,4,Education,Mumbai,Medium,84978
56,Male,Bachelor's,UI/UX Designer,3,Retail,Hyderabad,Medium,73324
33,Male,High School,DevOps Engineer,4,IT,Hyderabad,Large,102533
58,Female,Bachelor's,Software Engineer,12,Retail,Chennai,Large,119435
44,Female,Bachelor's,Network Engineer,12,Manufacturing,Chennai,Small,106210
53,Male,PhD,Marketing Executive,2,Retail,Hyderabad,Large,83717
53,Male,PhD,Data Scientist,4,Finance,Pune,Large,122921
43,Female,Bachelor's,Business Analyst,1,Finance,Hyderabad,Medium,68334
23,Male,Master's,Sales Executive,1,Education,Mumbai,Small,53809
27,Female,Master's,Network Engineer,4,Retail,Pune,Small,73201
44,Female,High School,Accountant,18,Healthcare,Mumbai,Small,124781
43,Female,PhD,Network Engineer,15,IT,Pune,Small,139213
35,Female,Master's,HR Manager,2,Finance,Bangalore,Small,72863
28,Female,PhD,Marketing Executive,3,Manufacturing,Hyderabad,Medium,85348
34,Male,Bachelor's,UI/UX Designer,9,Education,Hyderabad,Small,84595
57,Male,Bachelor's,Data Scientist,18,Manufacturing,Pune,Small,138916
31,Male,Bachelor's,Accountant,4,Education,Pune,Large,78644
26,Male,PhD,Network Engineer,1,Education,Mumbai,Small,69230
59,Male,Bachelor's,Network Engineer,4,Manufacturing,Pune,Medium,75614
50,Male,High School,HR Manager,19,Education,Mumbai,Small,119771
33,Female,PhD,Data Scientist,8,Retail,Hyderabad,Small,117827
23,Male,High School,Business Analyst,0,Manufacturing,Bangalore,Large,67069
54,Male,Master's,Software Engineer,13,Manufacturing,Pune,Medium,128399
45,Male,High School,Sales Executive,11,Finance,Chennai,Medium,98873
39,Male,PhD,Project Manager,19,Finance,Hyderabad,Large,186969
54,Female,High School,Sales Executive,3,Manufacturing,Bangalore,Large,73198
44,Female,Bachelor's,Sales Executive,3,Manufacturing,Pune,Medium,70283
48,Male,Master's,Network Engineer,18,Healthcare,Delhi,Medium,148770
56,Female,PhD,Data Scientist,25,Healthcare,Pune,Large,210657
40,Male,Master's,DevOps Engineer,18,Education,Delhi,Small,142764
49,Female,Bachelor's,Data Analyst,25,Finance,Pune,Medium,178520
60,Male,High School,Data Scientist,22,Education,Delhi,Small,150381
51,Female,PhD,Data Analyst,19,IT,Chennai,Small,155811
59,Female,PhD,Sales Executive,1,Retail,Delhi,Large,87288
24,Female,PhD,Business Analyst,1,IT,Bangalore,Large,97690
23,Male,Bachelor's,UI/UX Designer,1,IT,Chennai,Small,60079
26,Male,PhD,Marketing Executive,2,Manufacturing,Mumbai,Medium,81482
21,Female,High School,Accountant,0,Healthcare,Delhi,Large,61693
38,Female,Bachelor's,Business Analyst,7,Education,Pune,Small,78367
47,Female,High School,Accountant,16,IT,Pune,Medium,125917
53,Female,Master's,DevOps Engineer,8,Education,Mumbai,Large,115985
42,Female,PhD,Network Engineer,14,IT,Mumbai,Small,133106
45,Female,Bachelor's,UI/UX Designer,20,Manufacturing,Bangalore,Medium,148785
54,Male,High School,DevOps Engineer,17,Healthcare,Bangalore,Medium,142036
42,Female,Bachelor's,Business Analyst,2,Healthcare,Chennai,Small,60994
33,Male,Bachelor's,HR Manager,7,Manufacturing,Bangalore,Medium,85255
33,Male,Bachelor's,Network Engineer,13,Healthcare,Bangalore,Small,105785
52,Female,High School,Accountant,19,IT,Mumbai,Medium,145566
57,Male,PhD,Data Scientist,8,Retail,Chennai,Medium,125448
29,Female,PhD,Business Analyst,0,Retail,Hyderabad,Large,86450
32,Male,High School,DevOps Engineer,7,Retail,Mumbai,Medium,86693
34,Male,High School,Marketing Executive,6,Healthcare,Pune,Medium,79987
37,Male,Master's,Business Analyst,7,Retail,Chennai,Medium,99671
48,Female,PhD,DevOps Engineer,6,Healthcare,Chennai,Medium,115384
32,Female,Bachelor's,Network Engineer,9,Manufacturing,Bangalore,Small,88363
56,Female,PhD,HR Manager,13,Finance,Delhi,Small,122659
32,Female,PhD,Data Scientist,6,Manufacturing,Pune,Large,126972
40,Male,High School,Sales Executive,8,IT,Delhi,Small,82530
37,Female,High School,Business Analyst,15,Manufacturing,Chennai,Medium,123403
56,Female,Master's,Marketing Executive,17,IT,Mumbai,Small,140421
33,Female,Bachelor's,Project Manager,9,Healthcare,Chennai,Large,119822
26,Female,Master's,Business Analyst,3,Manufacturing,Bangalore,Small,74411
60,Male,PhD,Data Analyst,18,IT,Bangalore,Medium,163136
41,Female,Master's,DevOps Engineer,20,Healthcare,Pune,Large,175444
49,Female,Master's,DevOps Engineer,24,Retail,Pune,Medium,177741
32,Male,Bachelor's,DevOps Engineer,0,Finance,Delhi,Medium,70450
31,Male,High School,Data Analyst,6,IT,Mumbai,Large,92431
46,Male,High School,Data Analyst,16,Healthcare,Pune,Small,119387
40,Male,Bachelor's,DevOps Engineer,7,Healthcare,Mumbai,Large,107650
54,Female,High School,Software Engineer,5,Manufacturing,Chennai,Medium,80154
55,Female,PhD,Data Scientist,8,Manufacturing,Pune,Small,119240
48,Male,Master's,Marketing Executive,16,Education,Pune,Small,122239
40,Male,PhD,Project Manager,11,Finance,Chennai,Small,132074
29,Female,Master's,Business Analyst,5,Retail,Hyderabad,Large,100316
40,Female,PhD,Project Manager,0,Retail,Bangalore,Small,70089
47,Female,PhD,Sales Executive,17,Finance,Bangalore,Large,162699
35,Female,High School,Sales Executive,8,Manufacturing,Bangalore,Large,93664
55,Male,Master's,Sales Executive,25,Finance,Hyderabad,Small,169244
28,Male,PhD,Project Manager,7,Manufacturing,Pune,Medium,113753
22,Female,High School,Accountant,0,IT,Bangalore,Small,48410
29,Female,High School,HR Manager,7,IT,Bangalore,Small,80058
42,Male,Master's,Business Analyst,13,Healthcare,Mumbai,Large,137910
26,Female,Bachelor's,Software Engineer,6,Healthcare,Mumbai,Small,78975
33,Male,Master's,Sales Executive,13,IT,Hyderabad,Large,137804
49,Male,High School,HR Manager,7,Education,Delhi,Small,73246
45,Male,Master's,Marketing Executive,21,Finance,Delhi,Large,172504
54,Female,Master's,Business Analyst,3,Manufacturing,Chennai,Small,68353
34,Male,Bachelor's,UI/UX Designer,1,Education,Chennai,Small,51023
58,Female,PhD,HR Manager,3,IT,Hyderabad,Large,108268
30,Female,High School,HR Manager,5,Finance,Mumbai,Small,65483
24,Female,Bachelor's,DevOps Engineer,2,Retail,Hyderabad,Small,64812
41,Female,Master's,Business Analyst,17,Manufacturing,Bangalore,Small,136368
29,Female,High School,Business Analyst,4,Manufacturing,Mumbai,Large,86892
52,Female,Bachelor's,Accountant,6,Healthcare,Chennai,Large,92510
59,Female,Bachelor's,Data Analyst,17,Retail,Bangalore,Medium,130814
55,Male,PhD,Software Engineer,11,Manufacturing,Pune,Medium,121806
60,Female,Bachelor's,Marketing Executive,11,Manufacturing,Hyderabad,Large,109610
54,Female,PhD,Accountant,21,Finance,Pune,Medium,172214
41,Male,High School,Accountant,3,Manufacturing,Hyderabad,Small,52426
23,Female,High School,Business Analyst,1,Finance,Hyderabad,Small,59526
54,Male,Master's,Software Engineer,19,Healthcare,Bangalore,Large,159714
34,Female,PhD,Data Analyst,10,Education,Delhi,Small,112142
47,Male,High School,Network Engineer,11,Healthcare,Pune,Small,95479
25,Female,High School,Data Analyst,1,Manufacturing,Bangalore,Large,64604
33,Female,Bachelor's,Network Engineer,8,Manufacturing,Bangalore,Large,99728
57,Male,PhD,DevOps Engineer,11,Manufacturing,Mumbai,Small,123455
56,Female,Master's,UI/UX Designer,12,Finance,Pune,Large,134772
41,Female,Master's,Marketing Executive,17,Education,Delhi,Medium,137468
36,Female,PhD,Accountant,6,Manufacturing,Chennai,Medium,100331
46,Male,High School,Project Manager,0,Retail,Hyderabad,Large,67945
21,Female,Bachelor's,HR Manager,1,Healthcare,Hyderabad,Large,75571
53,Male,Bachelor's,Data Analyst,17,IT,Mumbai,Medium,138767
37,Female,Bachelor's,HR Manager,11,Healthcare,Chennai,Small,102823
34,Female,High School,DevOps Engineer,11,Healthcare,Mumbai,Small,109940
27,Male,High School,DevOps Engineer,4,Retail,Mumbai,Small,70478
43,Male,PhD,Data Analyst,13,Finance,Delhi,Large,148766
24,Female,High School,Marketing Executive,2,Retail,Pune,Small,49231
35,Male,High School,UI/UX Designer,4,Manufacturing,Mumbai,Medium,69638
48,Female,PhD,Data Scientist,9,Finance,Chennai,Small,128862
24,Female,PhD,Project Manager,4,IT,Mumbai,Large,115136
29,Male,Bachelor's,Business Analyst,7,Education,Delhi,Large,102694
60,Female,Bachelor's,HR Manager,23,IT,Chennai,Medium,170937
26,Female,PhD,Sales Executive,0,Healthcare,Chennai,Small,64644
59,Female,High School,Project Manager,20,Finance,Chennai,Large,162389
49,Male,Bachelor's,HR Manager,1,Manufacturing,Chennai,Small,48341
24,Male,Bachelor's,Project Manager,1,IT,Chennai,Large,87499
49,Male,High School,Marketing Executive,15,Finance,Delhi,Large,127839
55,Male,Master's,Accountant,16,Education,Pune,Large,135301
45,Male,High School,Project Manager,18,Finance,Hyderabad,Medium,145444
24,Female,High School,Data Analyst,3,Education,Delhi,Medium,59267
22,Male,PhD,HR Manager,1,Education,Pune,Large,83668
52,Male,High School,Data Scientist,19,Finance,Pune,Medium,151151
36,Male,Master's,Marketing Executive,16,Education,Mumbai,Large,133301
43,Female,Master's,Marketing Executive,21,Manufacturing,Chennai,Small,141515
37,Female,High School,Accountant,12,Healthcare,Bangalore,Small,98436
29,Male,PhD,Accountant,1,Manufacturing,Pune,Large,87337
36,Male,PhD,Project Manager,4,Retail,Chennai,Medium,96387
29,Male,Bachelor's,Data Scientist,9,Healthcare,Delhi,Large,124546
30,Male,Bachelor's,Marketing Executive,10,IT,Pune,Large,113016
41,Female,High School,Marketing Executive,4,Education,Mumbai,Medium,61485
30,Female,High School,Data Scientist,3,Finance,Hyderabad,Large,98422
57,Male,Bachelor's,Network Engineer,19,Finance,Bangalore,Large,158386
26,Female,PhD,Data Scientist,5,Retail,Pune,Medium,105514
45,Male,PhD,Data Scientist,15,Finance,Bangalore,Small,153194
21,Male,PhD,HR Manager,1,Manufacturing,Delhi,Small,64583
32,Female,PhD,DevOps Engineer,7,Healthcare,Mumbai,Small,111133
23,Male,Master's,Sales Executive,3,Retail,Delhi,Large,85030
27,Female,PhD,Software Engineer,7,Finance,Pune,Large,119143
56,Female,High School,HR Manager,12,Healthcare,Mumbai,Medium,105684
50,Male,PhD,Project Manager,5,Retail,Hyderabad,Large,115095
49,Male,High School,Data Scientist,2,Retail,Delhi,Large,83440
47,Male,PhD,Software Engineer,10,Finance,Mumbai,Large,139449
26,Male,Master's,DevOps Engineer,2,Manufacturing,Delhi,Small,71494
28,Male,Master's,Data Analyst,7,Retail,Delhi,Medium,94704
56,Male,High School,Data Scientist,12,Healthcare,Pune,Large,128656
30,Female,High School,Sales Executive,2,Healthcare,Chennai,Large,68731
32,Male,Bachelor's,HR Manager,1,IT,Pune,Medium,70014
52,Female,High School,Network Engineer,15,Education,Bangalore,Small,110934
47,Female,High School,Network Engineer,14,Retail,Hyderabad,Small,109134
34,Male,Bachelor's,Data Scientist,0,IT,Delhi,Medium,75381
23,Male,Master's,Data Analyst,2,IT,Hyderabad,Medium,78643
39,Male,Bachelor's,Business Analyst,19,Manufacturing,Pune,Medium,142025
40,Male,Master's,Sales Executive,10,IT,Mumbai,Large,122797
51,Female,High School,DevOps Engineer,4,Healthcare,Chennai,Large,95595
34,Male,Bachelor's,Network Engineer,11,IT,Hyderabad,Large,127424
59,Female,Master's,Sales Executive,25,Retail,Chennai,Medium,167625
60,Female,PhD,Accountant,18,Manufacturing,Delhi,Medium,149947
60,Female,Master's,HR Manager,7,IT,Hyderabad,Small,90432
34,Male,PhD,Sales Executive,12,IT,Chennai,Medium,127185
33,Female,Master's,Project Manager,11,IT,Chennai,Medium,124600
28,Male,Master's,Sales Executive,5,Manufacturing,Pune,Large,90377
33,Male,Master's,UI/UX Designer,5,Education,Mumbai,Small,79388
30,Male,PhD,Accountant,10,Healthcare,Mumbai,Medium,121537
40,Female,Master's,Accountant,18,Retail,Hyderabad,Small,132793
25,Male,Master's,Software Engineer,1,Healthcare,Mumbai,Large,87854
59,Female,Bachelor's,Network Engineer,12,IT,Chennai,Large,124518
38,Female,High School,Business Analyst,13,Finance,Chennai,Medium,117041
54,Male,Bachelor's,Data Analyst,9,Healthcare,Hyderabad,Small,93770
53,Female,PhD,Accountant,0,Finance,Bangalore,Medium,79579
40,Male,Bachelor's,Data Analyst,10,Retail,Delhi,Small,87598
50,Male,High School,Software Engineer,12,Healthcare,Hyderabad,Large,121460
50,Male,High School,Accountant,1,Manufacturing,Delhi,Medium,57962
40,Female,Bachelor's,Marketing Executive,20,Finance,Bangalore,Medium,150720
41,Male,High School,Project Manager,14,Finance,Bangalore,Medium,123249
60,Female,High School,HR Manager,17,Retail,Chennai,Large,133940
30,Female,Bachelor's,Data Scientist,4,IT,Chennai,Large,109856
49,Male,Bachelor's,Software Engineer,1,Education,Delhi,Small,54784
24,Female,PhD,Sales Executive,0,Finance,Delhi,Large,85826
40,Female,Bachelor's,DevOps Engineer,10,Manufacturing,Pune,Small,108302
29,Female,PhD,Data Analyst,1,Education,Chennai,Large,88209
35,Male,Bachelor's,Network Engineer,7,Healthcare,Chennai,Medium,90912
41,Female,PhD,Software Engineer,14,IT,Mumbai,Small,142842
50,Male,Master's,Marketing Executive,5,Retail,Pune,Small,73146
27,Female,High School,Project Manager,5,Retail,Mumbai,Medium,79408
60,Male,Bachelor's,Business Analyst,7,Education,Hyderabad,Medium,93182
48,Male,PhD,Network Engineer,25,Healthcare,Pune,Large,196335
25,Female,PhD,Data Analyst,5,Retail,Pune,Medium,98594
27,Male,Bachelor's,Project Manager,7,Education,Hyderabad,Large,108271
45,Male,PhD,UI/UX Designer,10,Manufacturing,Hyderabad,Small,109276
58,Female,High School,Data Scientist,24,Manufacturing,Bangalore,Medium,174389
60,Female,PhD,HR Manager,18,Finance,Delhi,Medium,162343
40,Female,Master's,Data Analyst,13,Retail,Hyderabad,Large,127589
39,Female,Master's,Accountant,1,IT,Hyderabad,Large,80297
39,Female,Bachelor's,Sales Executive,0,Manufacturing,Pune,Medium,54271
46,Female,PhD,Accountant,12,Finance,Delhi,Small,119278
33,Male,PhD,Marketing Executive,8,Education,Bangalore,Medium,99200
21,Female,High School,Data Scientist,0,Manufacturing,Mumbai,Large,72224
26,Male,PhD,Business Analyst,1,Manufacturing,Pune,Medium,83944
53,Female,PhD,Sales Executive,13,Healthcare,Bangalore,Small,127405
21,Female,Bachelor's,DevOps Engineer,1,Retail,Chennai,Medium,65048
23,Male,Master's,Data Analyst,3,Retail,Mumbai,Large,82827
54,Male,Master's,Business Analyst,24,Retail,Hyderabad,Large,182017
51,Female,High School,UI/UX Designer,20,Manufacturing,Pune,Large,148864
42,Female,High School,Business Analyst,17,Education,Pune,Medium,130397
43,Female,Master's,Data Scientist,9,IT,Delhi,Large,139735
37,Female,PhD,Network Engineer,1,Finance,Pune,Small,70947
39,Female,High School,Data Scientist,15,Retail,Hyderabad,Medium,127671
60,Male,Master's,Project Manager,8,IT,Delhi,Small,112695
30,Male,PhD,Marketing Executive,10,Finance,Chennai,Large,131944
32,Male,High School,Marketing Executive,12,IT,Bangalore,Large,122125
47,Male,PhD,HR Manager,24,Manufacturing,Mumbai,Large,188454
57,Male,Master's,Software Engineer,23,Manufacturing,Chennai,Small,160245
50,Male,PhD,Project Manager,12,Education,Delhi,Large,144222
45,Female,Master's,Data Scientist,15,Retail,Mumbai,Small,136853
45,Female,Master's,Accountant,21,Manufacturing,Hyderabad,Small,149574
60,Female,Master's,Marketing Executive,20,Healthcare,Chennai,Small,147571
46,Female,Bachelor's,DevOps Engineer,14,Manufacturing,Pune,Small,119947
41,Female,High School,UI/UX Designer,17,IT,Hyderabad,Small,126100
54,Female,PhD,Marketing Executive,3,Finance,Delhi,Medium,85663
23,Male,High School,Software Engineer,0,Retail,Delhi,Small,41965
26,Male,Bachelor's,Sales Executive,6,Manufacturing,Delhi,Large,86816
32,Female,Master's,Business Analyst,4,Manufacturing,Hyderabad,Large,94528
48,Male,Master's,Project Manager,22,Finance,Hyderabad,Medium,177271
45,Male,High School,Project Manager,10,Healthcare,Bangalore,Medium,110056
33,Male,PhD,Data Scientist,9,Manufacturing,Mumbai,Small,123357
48,Male,High School,Business Analyst,6,Manufacturing,Chennai,Small,70194
25,Male,Master's,Business Analyst,4,IT,Mumbai,Small,80619
45,Male,Bachelor's,DevOps Engineer,8,Healthcare,Mumbai,Large,118444
52,Male,PhD,Sales Executive,15,Manufacturing,Hyderabad,Large,142554
45,Female,PhD,Data Analyst,22,Retail,Pune,Medium,170961
46,Female,High School,Marketing Executive,1,Retail,Chennai,Small,41250
33,Female,High School,Sales Executive,2,Manufacturing,Bangalore,Medium,53749
43,Male,High School,UI/UX Designer,15,Education,Delhi,Small,105084
33,Female,Bachelor's,Business Analyst,0,Education,Hyderabad,Large,70186
55,Female,PhD,Software Engineer,25,IT,Chennai,Small,185201
46,Male,Bachelor's,UI/UX Designer,3,Manufacturing,Pune,Medium,75992
35,Male,High School,DevOps Engineer,2,Finance,Mumbai,Large,88720
60,Male,Bachelor's,DevOps Engineer,1,Manufacturing,Bangalore,Small,59318
40,Male,PhD,Network Engineer,3,Finance,Pune,Small,81370
52,Female,Bachelor's,Data Analyst,19,Finance,Mumbai,Medium,147812
28,Male,Bachelor's,Marketing Executive,8,Finance,Hyderabad,Large,103496
25,Female,Master's,Data Scientist,0,Education,Bangalore,Large,88067
31,Female,Bachelor's,Network Engineer,7,IT,Bangalore,Small,86084
22,Female,High School,Software Engineer,1,IT,Bangalore,Small,61319
51,Female,Bachelor's,HR Manager,22,Finance,Delhi,Medium,160750
36,Male,High School,Network Engineer,5,Finance,Delhi,Medium,79434
43,Male,High School,Accountant,13,Finance,Bangalore,Small,105429
55,Female,Bachelor's,Business Analyst,16,Manufacturing,Delhi,Small,119869
33,Male,Bachelor's,UI/UX Designer,1,Education,Mumbai,Small,47206
24,Female,Master's,HR Manager,2,Education,Chennai,Medium,63709
27,Male,Bachelor's,Data Scientist,0,IT,Mumbai,Large,84160
36,Female,Master's,Sales Executive,14,Finance,Delhi,Large,136769
28,Male,Bachelor's,Data Analyst,5,Finance,Delhi,Medium,85652
35,Male,PhD,Network Engineer,2,Education,Hyderabad,Medium,78541
60,Male,Bachelor's,Sales Executive,14,Healthcare,Bangalore,Medium,118875
38,Male,Master's,Data Scientist,6,IT,Delhi,Large,121597
29,Male,PhD,Business Analyst,1,Education,Bangalore,Medium,78335
59,Female,Bachelor's,Network Engineer,5,Retail,Bangalore,Small,73048
52,Female,PhD,Business Analyst,6,Healthcare,Hyderabad,Large,115041
36,Male,PhD,Network Engineer,10,Finance,Pune,Small,117844
23,Female,PhD,DevOps Engineer,0,Retail,Hyderabad,Medium,84852
27,Female,PhD,HR Manager,7,IT,Pune,Small,102071
29,Female,Master's,HR Manager,5,Manufacturing,Hyderabad,Small,76494
31,Female,PhD,Network Engineer,11,Manufacturing,Pune,Small,118098
29,Male,Bachelor's,Marketing Executive,6,Manufacturing,Mumbai,Large,85158
45,Female,Master's,Accountant,22,IT,Chennai,Medium,171887
57,Male,Bachelor's,UI/UX Designer,25,IT,Pune,Medium,181933
44,Male,High School,Sales Executive,1,Healthcare,Mumbai,Large,65489
44,Female,High School,Accountant,5,Manufacturing,Bangalore,Small,62409
55,Male,PhD,DevOps Engineer,3,Retail,Delhi,Small,87750
43,Female,PhD,Project Manager,8,IT,Hyderabad,Medium,128412
52,Female,High School,Business Analyst,16,Manufacturing,Pune,Large,139405
60,Female,High School,HR Manager,11,Education,Hyderabad,Small,86429
39,Male,High School,Data Scientist,2,Healthcare,Hyderabad,Large,89131
30,Male,High School,Project Manager,3,Education,Delhi,Large,83264
43,Male,PhD,DevOps Engineer,13,Manufacturing,Hyderabad,Medium,138531
22,Female,Master's,Sales Executive,0,Retail,Chennai,Large,70965
58,Female,PhD,Business Analyst,21,Healthcare,Pune,Small,163313
37,Female,PhD,Marketing Executive,7,Healthcare,Hyderabad,Small,94159
50,Male,Bachelor's,DevOps Engineer,5,Retail,Chennai,Small,77014
31,Female,High School,Software Engineer,3,Healthcare,Pune,Small,61766
44,Female,Bachelor's,Accountant,5,Manufacturing,Hyderabad,Large,87133
30,Male,PhD,Accountant,5,Finance,Pune,Medium,93908
46,Female,Bachelor's,Business Analyst,15,Healthcare,Bangalore,Small,121342
51,Male,Bachelor's,Network Engineer,9,Manufacturing,Mumbai,Medium,100347
23,Male,High School,Project Manager,1,IT,Mumbai,Large,84806
43,Male,Master's,Software Engineer,2,Retail,Delhi,Small,65553
33,Male,High School,Accountant,0,Education,Delhi,Large,59385
46,Male,PhD,Marketing Executive,6,Retail,Pune,Large,104915
46,Female,PhD,Marketing Executive,4,Education,Chennai,Small,76651
43,Female,PhD,Accountant,9,IT,Bangalore,Large,131309
49,Male,Bachelor's,DevOps Engineer,9,Education,Delhi,Medium,109120
59,Female,Bachelor's,HR Manager,2,Healthcare,Mumbai,Large,72083
58,Female,PhD,Data Analyst,24,IT,Mumbai,Large,201791
32,Male,PhD,DevOps Engineer,8,Retail,Bangalore,Small,111254
39,Female,PhD,Software Engineer,17,Healthcare,Pune,Medium,159663
50,Female,High School,Software Engineer,7,Finance,Chennai,Medium,88534
39,Male,Bachelor's,Business Analyst,13,Manufacturing,Delhi,Small,107455
38,Female,High School,Network Engineer,15,Manufacturing,Chennai,Large,133766
48,Male,PhD,DevOps Engineer,8,IT,Chennai,Large,137252
31,Male,High School,Data Scientist,9,Healthcare,Mumbai,Large,118355
31,Male,Master's,Marketing Executive,0,Education,Delhi,Medium,55749
39,Male,High School,Accountant,16,Finance,Delhi,Small,122810
31,Female,Master's,Marketing Executive,8,Manufacturing,Chennai,Medium,91570
55,Female,Master's,Data Scientist,18,IT,Bangalore,Large,177111
52,Male,Master's,Data Scientist,13,IT,Bangalore,Small,133587
56,Male,High School,Sales Executive,19,Education,Hyderabad,Small,117784
51,Female,Master's,DevOps Engineer,11,Healthcare,Bangalore,Medium,123321
40,Male,High School,HR Manager,0,Finance,Delhi,Small,47036
29,Male,Bachelor's,Data Analyst,3,Education,Delhi,Small,54808
51,Male,PhD,Software Engineer,24,Finance,Hyderabad,Small,184685
28,Male,High School,Data Analyst,4,Healthcare,Delhi,Small,61028
59,Male,Bachelor's,Data Scientist,6,Manufacturing,Chennai,Small,86384
38,Male,Master's,Marketing Executive,18,Finance,Pune,Large,158272
57,Male,High School,Network Engineer,2,IT,Pune,Small,60617
31,Female,High School,DevOps Engineer,8,IT,Bangalore,Large,117004
58,Female,PhD,UI/UX Designer,5,IT,Bangalore,Medium,107448
34,Female,Bachelor's,Sales Executive,8,IT,Chennai,Small,85807
54,Male,PhD,Marketing Executive,4,Manufacturing,Chennai,Large,93347
41,Female,High School,Sales Executive,15,Healthcare,Mumbai,Large,129773
35,Female,Master's,Sales Executive,13,Finance,Hyderabad,Medium,121437
21,Male,High School,Sales Executive,1,Education,Pune,Large,56453
30,Male,PhD,DevOps Engineer,6,Retail,Hyderabad,Large,115060
44,Male,Master's,HR Manager,6,Retail,Mumbai,Small,80958
52,Female,Master's,UI/UX Designer,8,Education,Chennai,Medium,100938
53,Female,Bachelor's,Business Analyst,8,IT,Hyderabad,Medium,107147
35,Female,High School,Data Analyst,4,Manufacturing,Hyderabad,Small,57438
32,Male,Master's,Data Scientist,6,Healthcare,Pune,Large,112253
54,Female,PhD,Business Analyst,24,Finance,Chennai,Large,203032
53,Female,Master's,Accountant,8,Retail,Hyderabad,Small,83951
45,Male,Master's,Sales Executive,14,Education,Mumbai,Small,109897
56,Male,Master's,DevOps Engineer,21,Finance,Mumbai,Medium,173619
45,Female,High School,Network Engineer,15,Manufacturing,Mumbai,Large,132297
56,Female,High School,Sales Executive,5,Healthcare,Mumbai,Large,83279
39,Female,High School,Software Engineer,10,Retail,Hyderabad,Small,90715
58,Female,Master's,Sales Executive,0,IT,Mumbai,Medium,69749
43,Male,Bachelor's,HR Manager,1,Finance,Delhi,Medium,60573
40,Male,Master's,Data Scientist,3,IT,Pune,Medium,101051
48,Male,PhD,Project Manager,18,IT,Delhi,Medium,171185
45,Male,PhD,Marketing Executive,18,Retail,Hyderabad,Medium,146373
42,Female,Master's,Data Scientist,15,Retail,Chennai,Medium,140805
52,Male,High School,Accountant,20,Finance,Chennai,Medium,143871
57,Male,Bachelor's,Network Engineer,12,Manufacturing,Hyderabad,Large,125697
42,Male,High School,Network Engineer,8,Retail,Mumbai,Medium,86690
25,Female,Master's,Accountant,5,Healthcare,Mumbai,Large,93778
47,Male,Master's,Network Engineer,12,Retail,Mumbai,Large,121304
54,Female,PhD,HR Manager,5,Manufacturing,Delhi,Medium,98228
60,Male,PhD,Network Engineer,24,Manufacturing,Delhi,Small,174968
50,Female,Bachelor's,Data Scientist,4,Manufacturing,Delhi,Medium,89721
41,Male,Bachelor's,Sales Executive,2,Healthcare,Chennai,Large,73201
59,Male,PhD,HR Manager,7,IT,Bangalore,Small,102523
40,Male,PhD,Accountant,14,Education,Mumbai,Large,139309
31,Male,Bachelor's,Software Engineer,4,Healthcare,Chennai,Large,85691
52,Female,High School,Software Engineer,25,IT,Chennai,Large,181541
47,Male,High School,Sales Executive,11,Manufacturing,Bangalore,Small,93854
53,Male,Master's,Business Analyst,3,IT,Bangalore,Large,98634
42,Male,PhD,DevOps Engineer,18,Manufacturing,Bangalore,Medium,162363
27,Male,Bachelor's,Project Manager,2,Education,Mumbai,Medium,74034
55,Male,High School,Marketing Executive,11,Retail,Mumbai,Medium,94050
30,Male,PhD,DevOps Engineer,5,Healthcare,Chennai,Small,96395
36,Male,PhD,Project Manager,8,Manufacturing,Delhi,Medium,121763
36,Male,PhD,Software Engineer,14,Education,Chennai,Medium,135857
40,Female,Bachelor's,Business Analyst,6,Manufacturing,Chennai,Large,92555
38,Female,PhD,Business Analyst,2,Manufacturing,Mumbai,Medium,82644
31,Female,Master's,Accountant,11,IT,Chennai,Medium,120926
22,Male,Bachelor's,UI/UX Designer,0,Education,Delhi,Small,48564
33,Male,Master's,Marketing Executive,10,Retail,Hyderabad,Small,93089
54,Female,Bachelor's,Network Engineer,22,Manufacturing,Mumbai,Medium,158837
29,Male,Bachelor's,UI/UX Designer,4,Retail,Chennai,Medium,70382
47,Male,Bachelor's,Sales Executive,11,Education,Pune,Small,86876
56,Male,Bachelor's,Data Analyst,20,Education,Bangalore,Medium,139815
46,Female,PhD,Network Engineer,19,Healthcare,Bangalore,Small,151287
57,Female,High School,DevOps Engineer,3,Retail,Mumbai,Medium,70441
35,Female,Bachelor's,Project Manager,6,Healthcare,Delhi,Medium,91133
48,Female,Bachelor's,Project Manager,6,Manufacturing,Delhi,Small,81955
47,Female,Bachelor's,Software Engineer,25,Healthcare,Chennai,Small,165568
44,Female,PhD,Data Analyst,18,IT,Mumbai,Small,156513
34,Female,PhD,DevOps Engineer,11,Education,Delhi,Large,136696
27,Male,High School,Marketing Executive,0,Finance,Mumbai,Medium,47087
37,Male,PhD,Project Manager,16,Education,Delhi,Medium,155167
23,Female,Master's,Data Scientist,1,Retail,Mumbai,Medium,76661
26,Male,PhD,Data Scientist,2,Healthcare,Hyderabad,Medium,95095
52,Female,Master's,Sales Executive,8,Healthcare,Chennai,Large,111470
41,Female,Bachelor's,Marketing Executive,13,Manufacturing,Mumbai,Small,98371
33,Female,High School,HR Manager,2,Finance,Hyderabad,Medium,61679
50,Female,High School,Business Analyst,13,IT,Mumbai,Medium,123999
52,Female,Bachelor's,Data Analyst,3,Healthcare,Hyderabad,Small,62459
31,Male,Master's,Network Engineer,11,Manufacturing,Pune,Small,109118
57,Male,PhD,Data Analyst,5,Finance,Mumbai,Large,111884
22,Female,High School,Sales Executive,1,Healthcare,Pune,Small,44019
22,Female,PhD,DevOps Engineer,0,Manufacturing,Mumbai,Medium,88735
21,Male,High School,UI/UX Designer,1,Retail,Mumbai,Medium,53963
24,Female,Master's,Software Engineer,2,Manufacturing,Hyderabad,Large,82516
46,Male,Bachelor's,HR Manager,8,Education,Hyderabad,Small,77669
45,Male,PhD,Project Manager,24,Manufacturing,Delhi,Small,181891
52,Male,PhD,DevOps Engineer,25,Healthcare,Delhi,Large,209382
27,Female,Bachelor's,Business Analyst,5,Education,Mumbai,Medium,83725
59,Female,High School,Sales Executive,13,Healthcare,Pune,Small,102479
26,Male,Master's,Business Analyst,0,Manufacturing,Bangalore,Large,80115
54,Female,High School,Project Manager,20,Education,Mumbai,Small,138921
30,Male,Master's,HR Manager,2,Retail,Mumbai,Medium,73027
25,Female,High School,Accountant,0,Education,Mumbai,Small,42313
37,Male,Master's,Network Engineer,11,IT,Pune,Small,116083
32,Female,Bachelor's,Sales Executive,12,IT,Hyderabad,Medium,115143
58,Female,PhD,UI/UX Designer,23,Education,Pune,Medium,173566
34,Male,High School,DevOps Engineer,2,Retail,Chennai,Large,81107
55,Female,High School,Sales Executive,0,IT,Hyderabad,Small,50539
46,Female,PhD,Project Manager,21,Retail,Pune,Medium,174458
26,Male,Bachelor's,Software Engineer,1,Finance,Hyderabad,Small,56939
34,Male,Bachelor's,UI/UX Designer,7,Finance,Mumbai,Large,100910
40,Male,Bachelor's,Business Analyst,14,Education,Hyderabad,Small,109497
49,Male,PhD,Software Engineer,15,Education,Pune,Small,133330
57,Female,High School,Marketing Executive,12,IT,Hyderabad,Large,120810
52,Female,Master's,Software Engineer,23,Education,Mumbai,Medium,166299
24,Male,High School,Sales Executive,4,Retail,Chennai,Large,73388
47,Female,High School,Business Analyst,15,Retail,Delhi,Medium,122647
22,Female,Master's,DevOps Engineer,0,Finance,Mumbai,Medium,77802
53,Male,Master's,Network Engineer,7,Manufacturing,Delhi,Medium,95306
45,Female,Master's,Business Analyst,13,Finance,Pune,Small,118912
51,Male,Bachelor's,HR Manager,4,Finance,Pune,Medium,79815
52,Female,Bachelor's,HR Manager,9,Retail,Hyderabad,Small,84773
43,Female,Bachelor's,Data Scientist,21,Retail,Hyderabad,Small,156555
28,Female,High School,Accountant,3,Finance,Mumbai,Medium,68320
23,Male,Bachelor's,DevOps Engineer,2,Retail,Pune,Large,79826
49,Male,PhD,Data Analyst,25,IT,Pune,Large,208715
23,Male,Bachelor's,UI/UX Designer,0,IT,Bangalore,Medium,65786
49,Female,PhD,DevOps Engineer,24,IT,Bangalore,Large,210482
29,Female,Bachelor's,Business Analyst,1,Education,Hyderabad,Small,54092
39,Female,Bachelor's,Data Analyst,16,Healthcare,Chennai,Large,141908
36,Female,PhD,HR Manager,4,Finance,Mumbai,Medium,97516
54,Male,Master's,Software Engineer,25,Education,Bangalore,Small,164889
42,Male,PhD,Data Scientist,10,Education,Hyderabad,Medium,126473
57,Female,Master's,Sales Executive,1,Education,Delhi,Large,71639
43,Female,Master's,Accountant,0,Retail,Bangalore,Large,71310
34,Male,PhD,DevOps Engineer,14,Healthcare,Delhi,Medium,148940
26,Male,Master's,Sales Executive,0,Manufacturing,Delhi,Large,73527
55,Female,Bachelor's,Data Analyst,9,Retail,Pune,Medium,93121
22,Male,Master's,HR Manager,0,Healthcare,Delhi,Medium,59982
44,Female,Master's,Data Analyst,8,IT,Delhi,Small,99881
57,Male,High School,Business Analyst,23,Healthcare,Bangalore,Large,171239
40,Male,Bachelor's,DevOps Engineer,9,Education,Pune,Large,111224
41,Female,Bachelor's,Marketing Executive,16,Education,Hyderabad,Small,114751
26,Female,High School,Sales Executive,0,Finance,Mumbai,Small,41279
44,Female,PhD,Network Engineer,21,Retail,Pune,Medium,171073
52,Female,PhD,Business Analyst,20,Manufacturing,Mumbai,Large,174668
30,Male,Bachelor's,Business Analyst,8,Manufacturing,Mumbai,Small,86483
50,Male,High School,DevOps Engineer,15,Finance,Pune,Medium,139356
47,Male,High School,Marketing Executive,3,Retail,Chennai,Small,47429
44,Male,Master's,Project Manager,9,Healthcare,Mumbai,Small,103828
58,Female,High School,Project Manager,13,Healthcare,Bangalore,Small,107534
28,Female,Master's,Data Analyst,8,IT,Mumbai,Medium,112269
49,Male,PhD,Business Analyst,10,Manufacturing,Pune,Small,117270
50,Female,PhD,UI/UX Designer,24,Education,Bangalore,Large,186463
60,Male,PhD,Sales Executive,21,Finance,Mumbai,Medium,171759
38,Female,Bachelor's,DevOps Engineer,2,IT,Pune,Large,98192
28,Male,High School,HR Manager,8,Retail,Pune,Large,98342
54,Male,PhD,Accountant,6,IT,Hyderabad,Large,111310
38,Female,Bachelor's,DevOps Engineer,6,Retail,Mumbai,Small,85583
58,Female,PhD,Software Engineer,1,Healthcare,Mumbai,Small,70894
54,Male,PhD,Project Manager,10,IT,Hyderabad,Small,126675
30,Male,Master's,Data Analyst,2,Finance,Chennai,Medium,73965
60,Female,Bachelor's,Software Engineer,10,Manufacturing,Hyderabad,Medium,101617
41,Male,PhD,Marketing Executive,4,Healthcare,Mumbai,Small,79318
36,Female,PhD,Accountant,7,Retail,Mumbai,Small,88493
41,Male,PhD,Data Analyst,14,Education,Hyderabad,Medium,129305
38,Female,High School,HR Manager,17,Retail,Delhi,Small,120810
47,Female,High School,UI/UX Designer,14,Retail,Bangalore,Small,109854
31,Female,PhD,Accountant,3,Education,Hyderabad,Small,73239
31,Female,High School,Business Analyst,0,Healthcare,Pune,Medium,57757
34,Male,Master's,Software Engineer,9,Finance,Delhi,Large,122425
26,Female,High School,Data Scientist,3,Manufacturing,Pune,Medium,76954
60,Female,Master's,UI/UX Designer,16,Healthcare,Delhi,Medium,138473
36,Male,Master's,HR Manager,10,Education,Pune,Medium,101190
21,Female,High School,Software Engineer,1,Manufacturing,Bangalore,Medium,60935
55,Male,High School,Accountant,2,IT,Delhi,Medium,66783
45,Male,Master's,Sales Executive,19,Finance,Delhi,Small,145080
44,Female,PhD,Software Engineer,6,Finance,Delhi,Small,101862
33,Female,Master's,DevOps Engineer,1,Finance,Bangalore,Medium,79102
38,Male,Bachelor's,Software Engineer,15,Finance,Delhi,Medium,132044
57,Male,PhD,Data Scientist,16,Retail,Bangalore,Large,163070
58,Female,High School,Data Scientist,4,Healthcare,Pune,Small,75143
22,Female,Master's,UI/UX Designer,2,Retail,Mumbai,Small,59849
41,Female,PhD,Project Manager,13,IT,Delhi,Large,161619
44,Female,High School,DevOps Engineer,16,Finance,Hyderabad,Medium,142723
49,Male,High School,Sales Executive,10,Finance,Chennai,Small,88696
48,Male,Bachelor's,HR Manager,2,Finance,Chennai,Medium,65584
22,Female,PhD,Software Engineer,1,Retail,Delhi,Medium,78549
27,Male,Bachelor's,Marketing Executive,7,IT,Chennai,Large,97694
59,Male,PhD,Data Analyst,19,Manufacturing,Mumbai,Large,165901
24,Male,PhD,Marketing Executive,0,Manufacturing,Hyderabad,Small,63240
24,Male,PhD,Data Analyst,2,IT,Delhi,Small,82831
45,Male,High School,Network Engineer,12,Education,Bangalore,Large,115428
45,Male,PhD,Network Engineer,14,Retail,Hyderabad,Medium,137439
54,Male,Bachelor's,Data Analyst,10,IT,Hyderabad,Large,124713
33,Female,Bachelor's,UI/UX Designer,9,Retail,Chennai,Medium,99387
60,Male,Bachelor's,HR Manager,14,Finance,Hyderabad,Small,115106
58,Male,Master's,Project Manager,13,Retail,Pune,Small,123192
40,Male,Master's,Project Manager,19,Healthcare,Hyderabad,Large,165439
36,Male,High School,Sales Executive,16,Healthcare,Bangalore,Small,110120
42,Female,PhD,DevOps Engineer,6,Manufacturing,Mumbai,Large,125476
57,Female,Master's,Sales Executive,10,Healthcare,Bangalore,Small,94691
52,Female,High School,UI/UX Designer,7,Finance,Delhi,Small,79992
36,Male,Master's,DevOps Engineer,15,Education,Bangalore,Medium,133610
44,Male,High School,Marketing Executive,0,IT,Pune,Small,46760
49,Female,Master's,Software Engineer,6,IT,Bangalore,Small,91853
35,Male,Bachelor's,Marketing Executive,8,Retail,Bangalore,Small,73352
32,Male,High School,Software Engineer,4,Manufacturing,Bangalore,Medium,73544
34,Male,PhD,HR Manager,4,Healthcare,Chennai,Large,105633
60,Male,High School,Data Analyst,13,Finance,Bangalore,Small,111225
45,Male,Master's,Marketing Executive,22,Retail,Mumbai,Large,161756
60,Male,Bachelor's,Accountant,18,Healthcare,Bangalore,Medium,132872
38,Male,PhD,HR Manager,4,Manufacturing,Hyderabad,Medium,87743
53,Female,Master's,Business Analyst,12,Retail,Mumbai,Small,112125
54,Female,PhD,DevOps Engineer,22,Education,Mumbai,Medium,184567
23,Male,Bachelor's,HR Manager,1,Education,Bangalore,Medium,56513
48,Male,Bachelor's,Marketing Executive,12,Healthcare,Pune,Small,96376
39,Female,Master's,HR Manager,14,Retail,Hyderabad,Medium,124981
49,Female,PhD,Sales Executive,14,Healthcare,Mumbai,Medium,136264
22,Female,PhD,HR Manager,0,Healthcare,Delhi,Small,62350
39,Male,High School,Project Manager,16,Finance,Hyderabad,Small,129902
23,Female,Master's,HR Manager,1,Manufacturing,Chennai,Medium,65996
33,Male,Bachelor's,DevOps Engineer,11,Manufacturing,Pune,Medium,116406
39,Female,PhD,Sales Executive,11,Retail,Delhi,Small,112899
30,Female,Bachelor's,HR Manager,6,Manufacturing,Delhi,Small,72829
54,Female,PhD,DevOps Engineer,18,Education,Chennai,Small,152077
48,Male,PhD,HR Manager,24,Education,Mumbai,Large,188139
29,Female,Bachelor's,Project Manager,9,Manufacturing,Hyderabad,Medium,106067
35,Female,PhD,UI/UX Designer,13,Education,Delhi,Large,140842
58,Female,High School,Data Scientist,0,Finance,Chennai,Large,81247
34,Male,High School,Accountant,6,Education,Bangalore,Medium,73387
57,Male,Master's,Data Analyst,14,Finance,Hyderabad,Large,137525
59,Female,High School,Data Scientist,15,Finance,Hyderabad,Medium,135873
35,Male,High School,Business Analyst,9,IT,Chennai,Large,111315
41,Female,PhD,Data Scientist,13,IT,Bangalore,Large,166335
25,Female,Bachelor's,Data Scientist,3,Finance,Chennai,Medium,86101
59,Female,Master's,Network Engineer,18,Finance,Pune,Large,159512
33,Male,Bachelor's,Business Analyst,0,IT,Mumbai,Large,81615
42,Male,PhD,Business Analyst,18,Education,Pune,Small,146717
50,Male,Master's,Sales Executive,11,Retail,Bangalore,Medium,105442
60,Male,PhD,Business Analyst,23,Education,Delhi,Small,170947
23,Male,Bachelor's,Project Manager,1,Manufacturing,Pune,Medium,68059
52,Female,High School,Marketing Executive,13,IT,Hyderabad,Large,125219
49,Male,Master's,HR Manager,5,Retail,Hyderabad,Medium,78699
50,Male,Master's,DevOps Engineer,12,Education,Bangalore,Medium,120175
37,Female,Bachelor's,Marketing Executive,3,Manufacturing,Delhi,Medium,68058
25,Female,Bachelor's,DevOps Engineer,0,Education,Bangalore,Medium,61643
31,Female,High School,Data Scientist,0,Healthcare,Hyderabad,Large,74759
25,Female,High School,UI/UX Designer,5,Healthcare,Bangalore,Medium,75415
34,Male,High School,UI/UX Designer,11,Retail,Bangalore,Medium,104066
27,Male,Master's,Business Analyst,6,IT,Pune,Small,95183
33,Female,Master's,HR Manager,3,Finance,Hyderabad,Small,67957
21,Male,Bachelor's,UI/UX Designer,1,Manufacturing,Hyderabad,Small,52250
31,Male,PhD,Accountant,0,IT,Chennai,Medium,77393
55,Female,PhD,Data Analyst,12,Finance,Bangalore,Small,125298
32,Male,PhD,UI/UX Designer,0,Healthcare,Hyderabad,Medium,79516
35,Male,Master's,UI/UX Designer,2,Retail,Chennai,Small,62580
47,Male,PhD,Data Analyst,9,Manufacturing,Pune,Large,123627
27,Male,PhD,UI/UX Designer,5,Manufacturing,Bangalore,Medium,97709
51,Female,Master's,Software Engineer,2,Retail,Pune,Medium,77372
35,Male,Bachelor's,Software Engineer,0,Retail,Hyderabad,Medium,60020
36,Male,High School,Data Scientist,2,Healthcare,Mumbai,Medium,73484
45,Female,High School,HR Manager,6,Manufacturing,Pune,Medium,74199
38,Male,High School,Accountant,10,Education,Delhi,Medium,89752
42,Male,Bachelor's,HR Manager,10,Retail,Hyderabad,Large,106644
59,Male,Master's,Data Scientist,12,Education,Delhi,Small,123055
25,Male,High School,UI/UX Designer,1,Finance,Bangalore,Small,52345
58,Female,Bachelor's,HR Manager,17,Retail,Hyderabad,Medium,129603
31,Male,Bachelor's,HR Manager,11,Education,Bangalore,Large,111466
39,Male,PhD,UI/UX Designer,18,Finance,Chennai,Medium,161891
46,Female,Bachelor's,Business Analyst,12,Education,Mumbai,Large,118553
51,Male,PhD,Sales Executive,0,IT,Chennai,Large,92057
32,Female,PhD,Business Analyst,4,Healthcare,Mumbai,Medium,101210
59,Male,High School,Marketing Executive,15,Finance,Delhi,Medium,117035
33,Female,High School,Accountant,0,Manufacturing,Delhi,Medium,50628
47,Male,Master's,Sales Executive,12,Education,Chennai,Large,122697
23,Female,PhD,Network Engineer,0,Finance,Bangalore,Medium,79711
53,Male,PhD,UI/UX Designer,22,Manufacturing,Chennai,Large,185313
48,Male,Bachelor's,HR Manager,23,Education,Hyderabad,Medium,152922
37,Male,Bachelor's,Project Manager,14,Finance,Pune,Large,138202
28,Male,PhD,Sales Executive,1,Manufacturing,Pune,Small,68429
31,Female,Master's,DevOps Engineer,6,Healthcare,Pune,Large,117602
40,Male,High School,Data Analyst,13,Manufacturing,Pune,Medium,109907
34,Female,PhD,DevOps Engineer,14,Healthcare,Hyderabad,Small,136025
27,Female,PhD,Accountant,1,Education,Delhi,Medium,70295
32,Male,Bachelor's,DevOps Engineer,5,Finance,Bangalore,Medium,97734
28,Male,Bachelor's,Data Scientist,7,Finance,Hyderabad,Large,114643
37,Male,PhD,UI/UX Designer,13,Retail,Hyderabad,Large,137807
39,Male,PhD,Data Analyst,2,Healthcare,Hyderabad,Medium,89595
36,Female,PhD,UI/UX Designer,15,IT,Hyderabad,Small,137618
58,Female,High School,Data Analyst,25,Finance,Pune,Small,166379
54,Female,Master's,Business Analyst,24,Education,Chennai,Large,182514
44,Female,Master's,Marketing Executive,21,Finance,Chennai,Large,169700
60,Female,Master's,Marketing Executive,1,IT,Hyderabad,Medium,68775
22,Female,High School,Accountant,2,Healthcare,Delhi,Small,54404
60,Male,PhD,Accountant,21,Education,Delhi,Small,154778
22,Female,Master's,Software Engineer,2,Manufacturing,Chennai,Large,84826
59,Female,PhD,DevOps Engineer,15,Retail,Hyderabad,Medium,152300
27,Male,Master's,Network Engineer,6,Finance,Delhi,Small,85094
52,Male,High School,Project Manager,25,Manufacturing,Pune,Medium,174811
28,Male,Bachelor's,HR Manager,7,Finance,Bangalore,Large,98228
48,Male,High School,Data Scientist,22,Healthcare,Mumbai,Medium,165220
51,Female,High School,UI/UX Designer,21,Finance,Pune,Large,158981
42,Female,High School,UI/UX Designer,7,Healthcare,Mumbai,Large,100706
48,Male,Bachelor's,HR Manager,25,Healthcare,Hyderabad,Medium,166324
26,Male,Bachelor's,DevOps Engineer,2,IT,Pune,Medium,84134
45,Male,High School,Project Manager,18,IT,Pune,Large,160359
48,Male,Master's,UI/UX Designer,10,Finance,Pune,Large,121746
46,Female,PhD,Marketing Executive,0,Finance,Chennai,Small,68467
30,Male,Master's,Data Scientist,9,Manufacturing,Delhi,Large,132312
41,Male,High School,Project Manager,9,Manufacturing,Pune,Medium,103610
39,Male,High School,Marketing Executive,12,Finance,Delhi,Small,93861
32,Female,PhD,Project Manager,7,Manufacturing,Bangalore,Small,106028
48,Female,PhD,Marketing Executive,21,Education,Mumbai,Small,152126
33,Male,PhD,Data Analyst,11,Finance,Chennai,Large,138481
50,Female,Bachelor's,Network Engineer,20,Finance,Mumbai,Large,161769
30,Male,Bachelor's,DevOps Engineer,3,Finance,Delhi,Large,96434
57,Male,Bachelor's,Sales Executive,3,Education,Delhi,Small,52073
43,Female,Bachelor's,Software Engineer,15,IT,Pune,Large,150222
48,Female,PhD,HR Manager,4,IT,Hyderabad,Small,93005
40,Male,Bachelor's,UI/UX Designer,19,Manufacturing,Mumbai,Large,156096
45,Male,PhD,Marketing Executive,8,IT,Hyderabad,Small,101999
52,Female,Bachelor's,Software Engineer,20,Retail,Pune,Large,157484
27,Female,PhD,Business Analyst,2,Manufacturing,Delhi,Medium,90362
29,Female,Master's,Data Analyst,1,Manufacturing,Pune,Small,55823
46,Male,PhD,Data Analyst,17,Retail,Pune,Large,156899
28,Male,Bachelor's,Software Engineer,2,Retail,Mumbai,Medium,62641
29,Female,Bachelor's,UI/UX Designer,9,Finance,Hyderabad,Large,109073
26,Male,Master's,Marketing Executive,0,Retail,Bangalore,Medium,56068
40,Female,Master's,UI/UX Designer,1,Retail,Mumbai,Small,59627
54,Male,Bachelor's,DevOps Engineer,11,IT,Delhi,Small,112101
33,Male,Master's,HR Manager,2,Finance,Pune,Large,90695
43,Female,Bachelor's,DevOps Engineer,8,Retail,Mumbai,Small,92270
45,Female,Bachelor's,Sales Executive,20,Education,Hyderabad,Medium,137346
55,Male,High School,UI/UX Designer,6,Manufacturing,Chennai,Large,91097
57,Female,Bachelor's,Sales Executive,21,Finance,Chennai,Medium,147924
59,Female,High School,Project Manager,7,IT,Pune,Small,87580
42,Male,High School,Marketing Executive,20,Healthcare,Chennai,Small,130483
21,Male,PhD,HR Manager,0,Education,Hyderabad,Small,64625
40,Female,PhD,Data Analyst,18,Retail,Chennai,Large,167036
38,Female,High School,Data Scientist,3,Healthcare,Mumbai,Small,76211
56,Male,PhD,Business Analyst,19,Retail,Bangalore,Medium,163914
30,Female,Bachelor's,Data Scientist,10,Education,Pune,Large,117866
44,Female,Bachelor's,UI/UX Designer,22,Retail,Mumbai,Large,162999
49,Male,PhD,Accountant,11,Healthcare,Chennai,Medium,122500
26,Male,PhD,Marketing Executive,2,IT,Delhi,Small,76932
26,Female,High School,Data Analyst,1,Manufacturing,Chennai,Large,61675
48,Male,Bachelor's,Business Analyst,21,Education,Pune,Large,163143
21,Female,High School,DevOps Engineer,0,Education,Delhi,Large,68001
54,Male,High School,Network Engineer,21,Education,Bangalore,Large,151364
25,Female,Bachelor's,Accountant,2,Healthcare,Hyderabad,Medium,66211
31,Male,High School,Marketing Executive,5,Manufacturing,Bangalore,Large,79252
40,Female,Master's,Project Manager,15,Finance,Hyderabad,Large,153062
40,Female,High School,Business Analyst,20,Retail,Mumbai,Small,130096
60,Female,Master's,Project Manager,14,Healthcare,Hyderabad,Small,127050
46,Male,High School,Data Analyst,11,Education,Mumbai,Small,94168
53,Female,PhD,Data Analyst,4,Education,Hyderabad,Small,79704
51,Female,Master's,Project Manager,12,Healthcare,Mumbai,Small,116780
49,Female,PhD,Data Scientist,21,Finance,Chennai,Large,191595
43,Male,Bachelor's,Data Analyst,22,Finance,Chennai,Small,154464
47,Female,Master's,Software Engineer,23,Finance,Delhi,Small,166854
28,Male,PhD,Accountant,6,Education,Delhi,Large,105322
46,Male,PhD,Data Scientist,16,IT,Hyderabad,Small,156548
43,Female,High School,UI/UX Designer,16,Finance,Hyderabad,Large,142039
59,Female,High School,Sales Executive,23,Education,Chennai,Medium,144853
48,Female,Bachelor's,DevOps Engineer,7,Retail,Bangalore,Small,85384
37,Male,PhD,HR Manager,7,Education,Delhi,Small,90591
58,Male,Bachelor's,HR Manager,20,IT,Bangalore,Medium,152486
33,Male,PhD,Software Engineer,2,Retail,Bangalore,Small,77231
47,Female,Master's,DevOps Engineer,16,Manufacturing,Bangalore,Small,139980
51,Female,PhD,UI/UX Designer,1,IT,Chennai,Small,80456
38,Male,PhD,HR Manager,11,Healthcare,Hyderabad,Small,110508
24,Male,Bachelor's,Project Manager,2,Education,Chennai,Large,83059
32,Male,PhD,Marketing Executive,4,Healthcare,Chennai,Small,76223
56,Female,Bachelor's,Marketing Executive,24,Healthcare,Delhi,Medium,160903
38,Male,PhD,Data Analyst,6,IT,Bangalore,Large,114672
58,Male,Bachelor's,HR Manager,20,Manufacturing,Mumbai,Small,140955
60,Male,Master's,DevOps Engineer,10,Education,Bangalore,Large,121717
29,Female,PhD,Accountant,3,Manufacturing,Chennai,Large,95496
49,Male,High School,Sales Executive,20,IT,Mumbai,Medium,143735
59,Male,Bachelor's,Project Manager,8,IT,Pune,Small,102512
52,Female,High School,Data Scientist,21,Education,Pune,Medium,158067
59,Male,Bachelor's,Data Scientist,8,IT,Bangalore,Large,128701
21,Female,Master's,Project Manager,1,Finance,Chennai,Large,95546
28,Male,Bachelor's,Software Engineer,2,Retail,Bangalore,Medium,64427
38,Male,Master's,Software Engineer,4,Manufacturing,Bangalore,Small,72022
43,Female,Master's,Marketing Executive,20,IT,Delhi,Large,164189
47,Female,Master's,Marketing Executive,19,IT,Delhi,Small,143092
38,Male,Master's,Software Engineer,5,Retail,Delhi,Large,98758
37,Male,Bachelor's,Business Analyst,17,Finance,Chennai,Medium,146029
46,Female,PhD,HR Manager,4,Manufacturing,Delhi,Medium,87430
51,Male,PhD,Data Scientist,2,Education,Bangalore,Small,89333
52,Male,Bachelor's,UI/UX Designer,23,Healthcare,Hyderabad,Medium,161411
46,Male,Bachelor's,Data Analyst,21,Finance,Hyderabad,Medium,158955
46,Female,Bachelor's,DevOps Engineer,3,IT,Pune,Small,81791
22,Male,High School,UI/UX Designer,0,IT,Bangalore,Small,52385
30,Female,High School,Software Engineer,10,IT,Pune,Large,114392
33,Female,PhD,Network Engineer,2,Education,Bangalore,Medium,82846
30,Male,High School,Accountant,3,Manufacturing,Chennai,Large,67847
23,Male,Master's,Data Analyst,0,Retail,Mumbai,Small,52675
22,Female,PhD,Sales Executive,0,Finance,Chennai,Large,83700
45,Male,High School,Business Analyst,21,Finance,Hyderabad,Small,146117
43,Male,Master's,Data Analyst,2,Healthcare,Hyderabad,Small,64917
48,Male,Master's,Network Engineer,16,Finance,Delhi,Medium,140940
60,Female,Master's,Data Analyst,9,Healthcare,Mumbai,Large,115848
25,Female,Bachelor's,UI/UX Designer,0,Finance,Chennai,Small,57318
51,Male,High School,Network Engineer,2,Education,Delhi,Medium,54481
41,Female,Bachelor's,Sales Executive,4,Healthcare,Chennai,Medium,75885
47,Female,Master's,Data Scientist,19,Manufacturing,Bangalore,Medium,166500
52,Male,PhD,Accountant,17,Retail,Bangalore,Medium,150018
47,Male,Bachelor's,DevOps Engineer,16,IT,Bangalore,Medium,145330
22,Female,PhD,Data Scientist,1,IT,Hyderabad,Medium,96783
39,Male,Bachelor's,Accountant,14,Education,Bangalore,Small,101915
29,Female,Bachelor's,Sales Executive,1,Manufacturing,Hyderabad,Large,68589
24,Male,High School,Business Analyst,0,Retail,Bangalore,Small,45984
30,Male,Bachelor's,Data Analyst,1,IT,Pune,Medium,67488
51,Female,Bachelor's,DevOps Engineer,23,Retail,Delhi,Medium,170242
42,Male,High School,Project Manager,14,IT,Bangalore,Small,127898
32,Female,Bachelor's,Software Engineer,8,Education,Mumbai,Large,107079
37,Female,Master's,DevOps Engineer,16,Finance,Mumbai,Small,139506
54,Male,Bachelor's,DevOps Engineer,12,Finance,Mumbai,Large,134586
46,Female,High School,DevOps Engineer,5,Education,Mumbai,Medium,82733
31,Male,Master's,UI/UX Designer,0,Education,Bangalore,Medium,58710
25,Male,Master's,Software Engineer,2,Finance,Chennai,Small,69070
34,Male,High School,Project Manager,9,Finance,Pune,Small,96437
38,Female,High School,Network Engineer,2,Education,Hyderabad,Small,46527
40,Female,Master's,Project Manager,0,Education,Pune,Small,62400
43,Male,High School,Marketing Executive,4,Education,Delhi,Large,75227
30,Male,PhD,Business Analyst,0,Retail,Hyderabad,Medium,72482
50,Male,High School,DevOps Engineer,2,Finance,Bangalore,Large,83638
53,Female,Master's,Business Analyst,16,Finance,Chennai,Medium,146059
23,Male,Bachelor's,HR Manager,3,Retail,Pune,Small,62788
52,Female,High School,Data Scientist,3,Healthcare,Pune,Small,69041
50,Female,Bachelor's,Project Manager,10,Finance,Hyderabad,Medium,115789
26,Female,Bachelor's,DevOps Engineer,0,Education,Chennai,Medium,66242
29,Female,PhD,Software Engineer,1,Healthcare,Chennai,Medium,80613
49,Female,Master's,Marketing Executive,11,IT,Delhi,Medium,115806
23,Male,Bachelor's,DevOps Engineer,0,Retail,Hyderabad,Small,56762
45,Male,PhD,Data Analyst,5,Finance,Mumbai,Medium,102216
50,Male,PhD,Data Analyst,14,IT,Bangalore,Large,156503
48,Female,PhD,Marketing Executive,6,IT,Chennai,Medium,102483
51,Female,Master's,Business Analyst,3,IT,Pune,Small,77884
34,Female,High School,Network Engineer,5,Education,Hyderabad,Medium,74256
34,Female,Bachelor's,Software Engineer,0,Manufacturing,Mumbai,Medium,57885
26,Female,High School,Project Manager,1,Education,Hyderabad,Medium,63376
54,Female,Master's,Data Scientist,6,IT,Hyderabad,Medium,111864
31,Male,Master's,Sales Executive,3,Education,Mumbai,Large,82656
43,Male,PhD,Software Engineer,22,Retail,Pune,Small,170477
60,Female,Master's,UI/UX Designer,4,Manufacturing,Delhi,Large,88232
30,Female,Bachelor's,Business Analyst,7,Healthcare,Hyderabad,Large,102805
54,Male,High School,Business Analyst,23,Finance,Delhi,Medium,159097
34,Female,Bachelor's,Sales Executive,11,Manufacturing,Pune,Small,93041
43,Female,Bachelor's,UI/UX Designer,6,Retail,Hyderabad,Medium,78265
40,Female,High School,DevOps Engineer,9,Education,Delhi,Medium,101223
43,Female,PhD,Accountant,11,Healthcare,Hyderabad,Small,116518
44,Female,Bachelor's,Accountant,5,Education,Mumbai,Medium,73140
60,Female,High School,Data Analyst,3,IT,Delhi,Small,62198
52,Male,High School,UI/UX Designer,23,Education,Pune,Large,163249
47,Male,Bachelor's,Business Analyst,6,Retail,Mumbai,Small,79693
28,Female,PhD,Sales Executive,5,Manufacturing,Delhi,Large,97624
44,Female,Master's,Project Manager,7,Manufacturing,Chennai,Medium,102457
21,Female,High School,Software Engineer,1,IT,Bangalore,Medium,67990
31,Female,PhD,HR Manager,9,Retail,Mumbai,Small,98345
57,Female,Bachelor's,UI/UX Designer,13,Education,Delhi,Small,105712
54,Male,PhD,HR Manager,5,IT,Delhi,Small,98952
46,Male,Master's,Accountant,24,Finance,Chennai,Small,162528
22,Male,High School,UI/UX Designer,1,Retail,Bangalore,Small,51868
45,Male,Bachelor's,Business Analyst,0,Manufacturing,Delhi,Medium,58927
35,Female,Bachelor's,Accountant,9,Finance,Delhi,Medium,95347
38,Male,Bachelor's,UI/UX Designer,2,IT,Delhi,Large,81817
50,Male,High School,Data Analyst,19,Finance,Chennai,Medium,139020
25,Male,Master's,HR Manager,3,Education,Hyderabad,Medium,74278
25,Female,High School,HR Manager,3,Manufacturing,Mumbai,Medium,65887
31,Male,Master's,Software Engineer,2,Finance,Delhi,Large,87920
42,Male,PhD,Network Engineer,11,Retail,Pune,Small,117048
37,Male,Bachelor's,Network Engineer,3,IT,Pune,Small,69043
44,Male,Bachelor's,Software Engineer,3,Healthcare,Bangalore,Small,64573
38,Female,PhD,HR Manager,8,IT,Chennai,Large,128652
52,Female,PhD,HR Manager,13,Healthcare,Bangalore,Small,125936
27,Female,Bachelor's,HR Manager,4,Manufacturing,Mumbai,Medium,74942
59,Female,Master's,Marketing Executive,23,Retail,Hyderabad,Large,172533
33,Male,Master's,Marketing Executive,9,Manufacturing,Hyderabad,Medium,95053
53,Female,PhD,Project Manager,8,Retail,Delhi,Large,127525
22,Male,Bachelor's,Marketing Executive,0,Education,Bangalore,Medium,45190
34,Male,Master's,Marketing Executive,10,Finance,Chennai,Small,101219
21,Male,Bachelor's,Business Analyst,1,Retail,Chennai,Small,55817
39,Female,Bachelor's,Accountant,19,Finance,Hyderabad,Large,159459
25,Male,PhD,UI/UX Designer,4,Education,Chennai,Medium,88229
24,Male,PhD,Software Engineer,3,Healthcare,Mumbai,Small,86918
31,Male,Master's,Network Engineer,9,Education,Bangalore,Large,111170
22,Male,High School,Business Analyst,2,Healthcare,Bangalore,Medium,69740
54,Male,Master's,UI/UX Designer,1,IT,Hyderabad,Medium,79300
40,Female,Master's,Marketing Executive,8,Education,Hyderabad,Large,105090
60,Male,PhD,Project Manager,1,Manufacturing,Mumbai,Medium,87626
60,Male,High School,HR Manager,3,IT,Hyderabad,Small,63789
48,Male,Bachelor's,Data Analyst,7,Finance,Delhi,Medium,89360
37,Female,High School,Software Engineer,1,Healthcare,Hyderabad,Medium,62718
38,Female,Bachelor's,Network Engineer,5,Education,Hyderabad,Small,65924
58,Male,PhD,UI/UX Designer,13,IT,Pune,Large,155968
51,Male,PhD,Project Manager,21,Healthcare,Delhi,Medium,175004
37,Male,High School,Marketing Executive,9,Retail,Bangalore,Large,91778
25,Female,High School,HR Manager,3,IT,Delhi,Small,64808
33,Female,High School,Marketing Executive,7,Finance,Pune,Large,93608
50,Female,Bachelor's,Accountant,20,IT,Bangalore,Small,145317
49,Female,Bachelor's,Sales Executive,19,Finance,Hyderabad,Medium,141190
40,Male,High School,Data Scientist,18,Education,Hyderabad,Large,151941
22,Female,Bachelor's,Project Manager,1,IT,Mumbai,Large,88266
37,Female,High School,Marketing Executive,3,Education,Bangalore,Small,52727
48,Male,Master's,Software Engineer,16,Education,Chennai,Medium,131805
45,Male,PhD,HR Manager,23,Healthcare,Bangalore,Medium,182232
38,Male,PhD,Accountant,16,Education,Hyderabad,Large,149078
28,Male,High School,Software Engineer,3,IT,Pune,Medium,72578
55,Female,Master's,HR Manager,3,Retail,Delhi,Large,84921
46,Male,Bachelor's,DevOps Engineer,3,Manufacturing,Chennai,Medium,78302
34,Male,Master's,DevOps Engineer,5,Retail,Chennai,Large,101044
32,Male,PhD,DevOps Engineer,8,Healthcare,Delhi,Small,114162
25,Female,Bachelor's,Marketing Executive,1,Education,Bangalore,Small,47511
42,Male,Bachelor's,Project Manager,0,IT,Bangalore,Large,87732
43,Male,High School,Business Analyst,15,Finance,Mumbai,Small,114784
57,Male,Master's,HR Manager,21,Retail,Pune,Small,143038
27,Female,Master's,Business Analyst,4,Education,Delhi,Medium,84970
37,Female,PhD,Software Engineer,11,Healthcare,Chennai,Large,141984
59,Male,High School,Project Manager,15,Manufacturing,Pune,Large,134923
47,Female,Bachelor's,Marketing Executive,7,Education,Hyderabad,Small,73388
34,Female,High School,HR Manager,11,Education,Delhi,Small,92427
49,Female,Bachelor's,Project Manager,16,Manufacturing,Chennai,Medium,141652
47,Female,Master's,HR Manager,8,IT,Pune,Large,113014
48,Male,PhD,Network Engineer,25,Healthcare,Chennai,Small,183674
30,Male,Bachelor's,Accountant,7,Healthcare,Pune,Large,97474
52,Male,High School,Project Manager,9,IT,Mumbai,Small,100136
58,Female,High School,Business Analyst,3,Healthcare,Hyderabad,Medium,65510
24,Male,Bachelor's,Marketing Executive,2,Healthcare,Pune,Large,69409
38,Male,Bachelor's,Sales Executive,4,Retail,Hyderabad,Medium,64526
51,Female,Bachelor's,UI/UX Designer,11,Manufacturing,Mumbai,Medium,104107
37,Female,Master's,Data Scientist,9,Retail,Mumbai,Large,129972
29,Female,Master's,Data Scientist,3,Education,Pune,Small,79497
26,Male,PhD,Accountant,2,Finance,Mumbai,Medium,82270
54,Female,Master's,Accountant,14,Manufacturing,Delhi,Medium,124803
48,Male,PhD,Sales Executive,14,Education,Hyderabad,Large,141896
26,Female,Bachelor's,Network Engineer,6,Healthcare,Bangalore,Large,93085
60,Male,Master's,Software Engineer,17,Education,Bangalore,Medium,143082
54,Male,High School,Data Analyst,14,IT,Chennai,Large,133463
59,Male,Master's,Network Engineer,3,Education,Delhi,Medium,71489
58,Female,High School,DevOps Engineer,21,Finance,Pune,Small,150734
35,Female,Master's,UI/UX Designer,4,Healthcare,Delhi,Small,75288
28,Male,High School,Data Scientist,1,Retail,Hyderabad,Large,76550
34,Male,PhD,Software Engineer,1,Retail,Mumbai,Medium,76495
40,Female,PhD,Data Scientist,12,Finance,Pune,Medium,143018
48,Male,High School,Data Scientist,4,Finance,Delhi,Large,95797
53,Male,Bachelor's,Business Analyst,23,Education,Chennai,Medium,165146
52,Female,Master's,Sales Executive,11,Education,Delhi,Small,100330
48,Female,High School,Project Manager,4,Education,Hyderabad,Large,80180
58,Female,High School,UI/UX Designer,9,Manufacturing,Delhi,Large,99198
43,Male,PhD,DevOps Engineer,4,Education,Chennai,Small,91861
53,Male,Bachelor's,Marketing Executive,16,Manufacturing,Pune,Medium,121858
30,Female,Master's,Business Analyst,5,Manufacturing,Bangalore,Medium,90954
25,Male,PhD,Sales Executive,5,Education,Pune,Large,103937
53,Female,Master's,Data Scientist,24,Manufacturing,Chennai,Large,199576
60,Male,High School,Software Engineer,12,IT,Delhi,Small,105581
27,Male,PhD,Marketing Executive,7,Finance,Delhi,Small,95350
45,Male,PhD,Data Analyst,24,IT,Pune,Medium,185613
25,Female,Master's,Network Engineer,3,Manufacturing,Hyderabad,Small,66263
49,Male,Bachelor's,UI/UX Designer,12,Retail,Pune,Small,101136
52,Female,Master's,HR Manager,14,Finance,Delhi,Small,125659
33,Male,High School,UI/UX Designer,1,Manufacturing,Hyderabad,Small,46802
21,Male,PhD,Network Engineer,1,Retail,Hyderabad,Medium,80153
52,Female,Bachelor's,Network Engineer,6,Education,Pune,Medium,85153
29,Male,PhD,Sales Executive,1,Manufacturing,Mumbai,Small,63583
54,Female,High School,Data Analyst,9,Education,Bangalore,Small,76869
35,Male,Master's,Sales Executive,9,Manufacturing,Chennai,Small,92219
25,Female,Bachelor's,Accountant,4,Retail,Pune,Medium,65928
55,Male,High School,Network Engineer,22,Education,Chennai,Large,153528
42,Male,Master's,HR Manager,13,Healthcare,Hyderabad,Small,118463
42,Male,High School,HR Manager,21,Education,Hyderabad,Large,152166
25,Male,High School,Accountant,3,Education,Bangalore,Medium,56204
23,Female,Bachelor's,UI/UX Designer,3,Healthcare,Mumbai,Medium,72231
22,Male,High School,HR Manager,0,Retail,Pune,Medium,52052
51,Female,PhD,Sales Executive,1,Manufacturing,Bangalore,Medium,78503
29,Male,PhD,Data Analyst,1,Retail,Chennai,Medium,77121
48,Male,Bachelor's,HR Manager,1,IT,Pune,Small,61267
55,Male,High School,Software Engineer,18,Manufacturing,Bangalore,Small,123928
29,Male,Bachelor's,Project Manager,7,IT,Chennai,Medium,104290
29,Male,PhD,Business Analyst,9,Manufacturing,Hyderabad,Large,123751
37,Male,Bachelor's,Business Analyst,17,Manufacturing,Delhi,Medium,138766
40,Female,Master's,UI/UX Designer,11,Finance,Pune,Medium,123370
53,Female,High School,Marketing Executive,3,Education,Delhi,Large,67083
26,Male,Bachelor's,Accountant,1,Finance,Chennai,Large,70511
44,Female,Bachelor's,Software Engineer,23,Finance,Delhi,Medium,165371
22,Female,High School,Project Manager,1,Healthcare,Pune,Medium,62884
24,Female,PhD,Business Analyst,2,IT,Mumbai,Medium,89727
35,Male,PhD,Data Scientist,6,Manufacturing,Mumbai,Large,123999
23,Male,High School,Network Engineer,2,Healthcare,Chennai,Large,68448
42,Male,PhD,Sales Executive,19,Manufacturing,Delhi,Small,151565
45,Female,Master's,Accountant,23,Education,Mumbai,Large,169163
45,Female,Bachelor's,Data Scientist,14,IT,Chennai,Large,147401
36,Female,Master's,Network Engineer,9,Education,Hyderabad,Large,112426
38,Female,High School,Data Analyst,8,Healthcare,Pune,Large,99333
32,Male,PhD,Software Engineer,7,Education,Hyderabad,Medium,106377
51,Female,Bachelor's,Sales Executive,20,IT,Pune,Small,147999
56,Female,High School,Business Analyst,10,Finance,Chennai,Medium,108108
29,Male,Bachelor's,Data Scientist,3,Retail,Delhi,Small,70375
23,Male,PhD,Network Engineer,1,Healthcare,Hyderabad,Large,86496
37,Male,High School,UI/UX Designer,8,Healthcare,Pune,Large,105839
36,Male,High School,Data Analyst,11,Retail,Mumbai,Small,90382
34,Female,Master's,UI/UX Designer,5,Education,Hyderabad,Large,94138
30,Female,Master's,Network Engineer,0,Healthcare,Chennai,Medium,68711
39,Male,High School,Data Scientist,19,Healthcare,Hyderabad,Medium,157186
22,Female,Bachelor's,Marketing Executive,0,Retail,Delhi,Large,58520
45,Male,High School,UI/UX Designer,18,Manufacturing,Bangalore,Medium,130266
35,Female,High School,Accountant,13,IT,Pune,Medium,115692
38,Male,Master's,HR Manager,6,Healthcare,Bangalore,Medium,93468
41,Male,Bachelor's,Business Analyst,3,Manufacturing,Mumbai,Medium,74266
56,Male,High School,Marketing Executive,16,Manufacturing,Mumbai,Large,131355
47,Male,Bachelor's,Accountant,7,Finance,Mumbai,Large,105421
37,Female,Master's,Marketing Executive,9,IT,Hyderabad,Medium,110774
30,Male,PhD,UI/UX Designer,9,Finance,Bangalore,Medium,118232
28,Male,Master's,Accountant,6,Manufacturing,Mumbai,Large,95070
23,Female,High School,DevOps Engineer,3,Finance,Hyderabad,Small,74419
43,Female,PhD,DevOps Engineer,4,Retail,Bangalore,Large,106950
42,Female,High School,DevOps Engineer,10,IT,Hyderabad,Large,127354
47,Male,PhD,DevOps Engineer,20,Education,Chennai,Medium,169005
58,Female,High School,Data Scientist,16,IT,Pune,Large,157430
45,Female,PhD,Data Scientist,10,Retail,Delhi,Large,136587
35,Female,PhD,Marketing Executive,9,IT,Pune,Large,127173
41,Male,Master's,Data Scientist,12,Finance,Hyderabad,Large,148053
54,Male,Master's,Data Analyst,8,Healthcare,Chennai,Small,93716
38,Male,PhD,HR Manager,15,Finance,Chennai,Medium,143295
38,Male,High School,HR Manager,4,Retail,Pune,Small,62804
23,Female,High School,Business Analyst,1,IT,Chennai,Small,63857
48,Male,PhD,Accountant,23,Finance,Mumbai,Medium,176465
49,Male,PhD,Project Manager,13,IT,Bangalore,Medium,149295
26,Female,Bachelor's,DevOps Engineer,5,IT,Chennai,Small,89023
50,Female,High School,DevOps Engineer,20,Manufacturing,Chennai,Small,140645
54,Male,Bachelor's,Accountant,10,Manufacturing,Delhi,Small,90029
29,Female,PhD,HR Manager,9,Manufacturing,Bangalore,Medium,109981
52,Male,PhD,Project Manager,5,Finance,Bangalore,Large,122959
34,Male,PhD,Data Analyst,0,Education,Pune,Large,78918
23,Male,Master's,Network Engineer,3,Education,Delhi,Large,85213
51,Female,Bachelor's,Project Manager,16,Finance,Chennai,Large,155031
46,Male,Master's,Accountant,19,Education,Chennai,Small,132341
39,Male,PhD,Marketing Executive,13,Finance,Delhi,Medium,130386
50,Male,High School,Marketing Executive,10,Manufacturing,Mumbai,Large,104925
52,Female,PhD,UI/UX Designer,19,Finance,Hyderabad,Medium,168814
34,Female,PhD,Software Engineer,14,Retail,Chennai,Medium,139737
46,Female,PhD,Sales Executive,25,Education,Chennai,Small,174454
35,Male,High School,Project Manager,10,Education,Mumbai,Small,97782
34,Male,High School,Network Engineer,12,Retail,Chennai,Small,91345
45,Male,Master's,Marketing Executive,2,Retail,Hyderabad,Large,79497
34,Male,Bachelor's,Data Scientist,5,Retail,Mumbai,Large,100254
31,Male,Master's,Sales Executive,5,Finance,Pune,Large,92723
23,Male,High School,Accountant,0,Education,Mumbai,Small,37638
40,Female,Bachelor's,UI/UX Designer,0,Manufacturing,Bangalore,Small,47025
45,Male,PhD,Data Scientist,20,Manufacturing,Chennai,Small,165210
53,Male,PhD,Software Engineer,23,IT,Delhi,Large,195065
58,Female,PhD,HR Manager,25,Retail,Chennai,Medium,185894
22,Female,Master's,Business Analyst,1,Finance,Hyderabad,Medium,77669
39,Female,High School,HR Manager,13,Education,Pune,Medium,105159
55,Female,Bachelor's,Sales Executive,16,IT,Mumbai,Large,144106
55,Female,High School,Business Analyst,22,Finance,Pune,Small,149802
49,Female,PhD,Network Engineer,11,IT,Delhi,Medium,128855
26,Male,Bachelor's,HR Manager,0,Education,Pune,Small,41315
46,Male,PhD,Accountant,19,Manufacturing,Pune,Small,151584
37,Female,Master's,DevOps Engineer,13,Healthcare,Bangalore,Small,130762
59,Female,High School,Project Manager,13,Manufacturing,Bangalore,Large,132438
52,Male,Bachelor's,Marketing Executive,10,Education,Delhi,Medium,90721
48,Male,High School,Sales Executive,22,Finance,Hyderabad,Small,141722
33,Female,High School,Software Engineer,7,Education,Mumbai,Small,72791
56,Female,PhD,Software Engineer,13,Healthcare,Hyderabad,Medium,136941
54,Female,Master's,Network Engineer,10,Manufacturing,Bangalore,Small,104572
34,Female,Master's,Accountant,12,Retail,Chennai,Medium,111450
42,Female,Bachelor's,Accountant,4,Manufacturing,Mumbai,Small,65820
32,Male,PhD,Data Analyst,2,IT,Chennai,Large,99264
27,Male,Master's,Data Analyst,7,IT,Pune,Medium,99593
43,Female,Bachelor's,Marketing Executive,20,Manufacturing,Hyderabad,Small,133656
48,Male,Master's,Marketing Executive,18,Retail,Mumbai,Medium,134269
58,Female,High School,DevOps Engineer,4,Finance,Chennai,Small,81235
27,Female,PhD,Marketing Executive,2,Retail,Pune,Large,88756
34,Male,High School,HR Manager,2,Finance,Hyderabad,Large,71348
31,Female,High School,Marketing Executive,7,IT,Hyderabad,Small,80469
51,Female,Master's,Accountant,10,IT,Bangalore,Large,125181
45,Male,PhD,Marketing Executive,22,Healthcare,Pune,Medium,174918
34,Female,Master's,DevOps Engineer,2,Finance,Mumbai,Large,101029
37,Female,PhD,UI/UX Designer,3,Healthcare,Bangalore,Small,85136
43,Female,PhD,HR Manager,23,Retail,Pune,Small,166630
32,Male,High School,HR Manager,11,Education,Chennai,Large,101591
58,Male,Master's,Data Analyst,9,Healthcare,Chennai,Large,121441
38,Female,Master's,UI/UX Designer,1,Education,Mumbai,Small,57992
24,Female,High School,DevOps Engineer,4,Education,Pune,Large,90033
32,Male,High School,Software Engineer,7,Healthcare,Hyderabad,Large,96398
29,Male,PhD,Data Analyst,1,IT,Mumbai,Large,96648
27,Female,Bachelor's,UI/UX Designer,4,Retail,Delhi,Small,66185
31,Female,Master's,Accountant,9,IT,Delhi,Medium,105507
25,Female,Bachelor's,DevOps Engineer,1,Healthcare,Hyderabad,Small,61229
38,Female,PhD,Data Scientist,6,Manufacturing,Delhi,Small,105485
56,Male,High School,Marketing Executive,11,Education,Pune,Large,107776
50,Male,High School,Data Analyst,2,Finance,Delhi,Small,58201
58,Female,High School,Data Scientist,20,IT,Bangalore,Large,175542
26,Male,Bachelor's,Project Manager,5,Manufacturing,Delhi,Small,79587
24,Female,Master's,Data Scientist,3,Healthcare,Bangalore,Large,104282
35,Female,Master's,HR Manager,6,Finance,Chennai,Medium,93334
26,Female,Master's,Network Engineer,3,Healthcare,Chennai,Large,87293
23,Female,Bachelor's,Accountant,3,Retail,Bangalore,Large,76183
39,Female,Master's,DevOps Engineer,6,Retail,Pune,Large,105486
53,Male,Bachelor's,Project Manager,24,Finance,Mumbai,Medium,174889
54,Female,Bachelor's,Business Analyst,21,Finance,Mumbai,Large,170599
57,Female,High School,Marketing Executive,12,Manufacturing,Hyderabad,Large,106129
31,Male,PhD,Marketing Executive,6,Healthcare,Delhi,Small,90865
40,Female,PhD,Accountant,5,Finance,Hyderabad,Medium,103225
57,Female,PhD,DevOps Engineer,22,Education,Mumbai,Small,173114
59,Male,PhD,UI/UX Designer,10,Education,Chennai,Small,112306
27,Male,PhD,Project Manager,6,Retail,Mumbai,Large,114687
53,Male,Master's,Network Engineer,5,Manufacturing,Pune,Small,75628
42,Female,High School,Project Manager,1,Finance,Chennai,Medium,67208
50,Male,Bachelor's,HR Manager,0,Finance,Chennai,Medium,58024
36,Female,PhD,Data Analyst,6,Manufacturing,Bangalore,Small,88081
51,Female,Master's,Data Analyst,5,Education,Pune,Large,91981
51,Female,PhD,Business Analyst,21,Manufacturing,Bangalore,Small,160605
41,Female,PhD,Marketing Executive,4,Healthcare,Delhi,Large,103780
46,Male,High School,Marketing Executive,17,Education,Delhi,Large,129132
59,Male,Bachelor's,Marketing Executive,5,Healthcare,Chennai,Large,91316
46,Male,Bachelor's,Data Scientist,2,Education,Bangalore,Small,67946
48,Male,Master's,Sales Executive,2,Manufacturing,Bangalore,Medium,68668
40,Male,PhD,Software Engineer,12,Healthcare,Mumbai,Small,126524
54,Male,PhD,Data Analyst,3,Healthcare,Delhi,Large,101126
21,Female,Master's,Data Scientist,0,Retail,Pune,Medium,70189
52,Female,PhD,Sales Executive,20,IT,Chennai,Medium,164899
59,Female,PhD,Accountant,25,Healthcare,Mumbai,Large,199265
44,Male,Bachelor's,Sales Executive,3,Retail,Mumbai,Large,71963
21,Female,Master's,HR Manager,1,Retail,Pune,Large,76625
24,Female,Master's,Software Engineer,3,IT,Mumbai,Medium,84320
59,Female,Master's,Project Manager,21,Education,Chennai,Large,168885
55,Female,Bachelor's,Project Manager,8,Healthcare,Mumbai,Small,95318
40,Male,High School,Network Engineer,20,IT,Chennai,Large,163704
46,Male,Bachelor's,Data Analyst,7,Retail,Hyderabad,Small,81584
48,Female,Master's,Business Analyst,8,Manufacturing,Pune,Small,90665
25,Male,Master's,Software Engineer,2,Finance,Pune,Large,92257
53,Female,High School,Marketing Executive,23,Manufacturing,Delhi,Medium,152065
22,Female,Master's,DevOps Engineer,0,Manufacturing,Delhi,Small,62907
33,Male,Master's,Project Manager,9,Retail,Pune,Large,116300
44,Male,PhD,HR Manager,18,Education,Chennai,Large,159535
53,Female,High School,Network Engineer,21,Education,Bangalore,Large,152967
21,Female,Bachelor's,Software Engineer,1,Education,Delhi,Small,52875
50,Female,Master's,Data Analyst,19,Finance,Bangalore,Small,145121
25,Female,Master's,DevOps Engineer,4,Manufacturing,Pune,Medium,96752
42,Female,PhD,Business Analyst,17,Retail,Hyderabad,Medium,151737
43,Male,Bachelor's,Business Analyst,14,Manufacturing,Mumbai,Small,116390
37,Female,High School,UI/UX Designer,12,Retail,Hyderabad,Large,119196
43,Female,Bachelor's,DevOps Engineer,2,Retail,Chennai,Medium,74166
49,Male,PhD,Software Engineer,21,Finance,Pune,Large,187261
57,Female,PhD,Software Engineer,13,Healthcare,Pune,Large,146345
45,Female,Bachelor's,Sales Executive,17,Retail,Hyderabad,Small,118076
34,Female,Master's,Data Scientist,1,Finance,Delhi,Medium,87267
34,Female,Master's,Marketing Executive,6,Healthcare,Delhi,Small,83229
55,Female,PhD,HR Manager,17,Education,Mumbai,Medium,147863
31,Female,PhD,Project Manager,2,IT,Pune,Medium,96822
27,Male,PhD,Sales Executive,6,Education,Bangalore,Large,102673
29,Male,High School,Network Engineer,9,Retail,Delhi,Medium,90825
60,Male,Bachelor's,Network Engineer,7,Manufacturing,Mumbai,Large,99566
22,Female,PhD,Accountant,2,Retail,Bangalore,Small,71046
36,Female,PhD,DevOps Engineer,5,Finance,Chennai,Small,99561
22,Female,PhD,Business Analyst,0,Finance,Delhi,Large,90963
32,Female,High School,Network Engineer,7,Healthcare,Bangalore,Small,73644
21,Female,PhD,Accountant,0,Education,Mumbai,Small,59260
55,Female,High School,Business Analyst,3,Education,Delhi,Small,59027
23,Female,PhD,DevOps Engineer,2,Retail,Delhi,Large,103021
28,Male,Bachelor's,Project Manager,1,Retail,Hyderabad,Large,78504
47,Female,Master's,Data Scientist,21,Finance,Mumbai,Small,165091
42,Female,High School,Business Analyst,20,Manufacturing,Mumbai,Small,137610
39,Female,Master's,Business Analyst,14,Manufacturing,Chennai,Large,144739
23,Female,Bachelor's,Accountant,1,Healthcare,Hyderabad,Small,56733
44,Female,Master's,Project Manager,22,Manufacturing,Bangalore,Large,183787
49,Male,Master's,Data Scientist,21,Manufacturing,Delhi,Small,168452
39,Female,Master's,UI/UX Designer,12,Finance,Hyderabad,Small,113430
58,Female,Master's,Marketing Executive,0,Manufacturing,Pune,Large,71814
60,Female,Master's,UI/UX Designer,5,Finance,Pune,Large,106074
44,Male,PhD,UI/UX Designer,12,Finance,Pune,Medium,136929
45,Male,High School,Marketing Executive,0,Finance,Chennai,Small,41459
38,Male,Bachelor's,Marketing Executive,3,Education,Mumbai,Large,76087
35,Male,Master's,UI/UX Designer,6,IT,Mumbai,Large,110398
53,Male,Master's,Accountant,2,Retail,Delhi,Large,73917
49,Male,Bachelor's,HR Manager,18,Healthcare,Delhi,Small,128741
50,Male,High School,Network Engineer,5,Healthcare,Pune,Medium,74613
25,Female,Master's,Software Engineer,1,Finance,Bangalore,Small,71106
27,Male,Master's,UI/UX Designer,0,IT,Bangalore,Medium,75240
26,Female,Bachelor's,Data Analyst,3,Retail,Pune,Small,60414
57,Male,PhD,Data Analyst,0,Manufacturing,Mumbai,Large,88649
60,Female,PhD,Software Engineer,24,Healthcare,Mumbai,Large,200070
32,Female,PhD,Accountant,5,Healthcare,Delhi,Medium,99219
36,Female,Master's,UI/UX Designer,10,Retail,Pune,Medium,104826
32,Male,High School,Marketing Executive,7,Retail,Mumbai,Medium,74429
25,Male,Master's,Data Analyst,3,Education,Chennai,Large,82671
27,Female,Bachelor's,Project Manager,3,Retail,Chennai,Medium,73186
40,Male,Bachelor's,Network Engineer,19,Manufacturing,Bangalore,Medium,140644
46,Female,Bachelor's,Data Scientist,25,Retail,Delhi,Small,175961
51,Female,PhD,DevOps Engineer,20,Healthcare,Bangalore,Medium,175974
44,Female,Master's,Marketing Executive,4,Manufacturing,Chennai,Large,89368
40,Female,PhD,Sales Executive,13,IT,Mumbai,Small,129293
29,Female,Master's,Software Engineer,7,Manufacturing,Bangalore,Small,90329
44,Male,Master's,Sales Executive,0,Education,Chennai,Large,65522
60,Male,PhD,Project Manager,16,IT,Hyderabad,Small,154332
51,Female,PhD,Software Engineer,23,Manufacturing,Mumbai,Large,189593
38,Female,PhD,Software Engineer,18,IT,Hyderabad,Large,175522
55,Male,PhD,Project Manager,11,IT,Mumbai,Small,131817
47,Male,Bachelor's,Network Engineer,4,Healthcare,Pune,Small,71180
36,Male,Master's,Accountant,10,Retail,Chennai,Large,111301
25,Male,Master's,Marketing Executive,5,Education,Delhi,Small,70763
50,Female,PhD,Marketing Executive,7,Healthcare,Bangalore,Large,111683
59,Female,High School,Data Scientist,23,IT,Delhi,Medium,177993
52,Male,High School,Accountant,25,IT,Pune,Medium,173768
48,Female,Master's,Accountant,1,Education,Chennai,Large,68599
25,Male,High School,Accountant,4,IT,Pune,Small,71403
50,Female,Bachelor's,Data Analyst,19,Manufacturing,Mumbai,Medium,144893
30,Female,Master's,Data Analyst,10,Finance,Delhi,Large,126439
54,Male,PhD,Software Engineer,24,Education,Pune,Medium,183388
22,Male,Bachelor's,Marketing Executive,0,Education,Bangalore,Medium,53574
41,Female,PhD,UI/UX Designer,17,Manufacturing,Bangalore,Large,165951
30,Male,Bachelor's,HR Manager,3,Healthcare,Bangalore,Small,66239
59,Female,Bachelor's,Accountant,1,Healthcare,Hyderabad,Medium,59270
34,Male,Master's,Data Scientist,3,Education,Chennai,Small,80321
22,Male,PhD,Data Analyst,0,Education,Hyderabad,Medium,72232
24,Male,PhD,Sales Executive,3,Finance,Bangalore,Medium,85021
32,Female,High School,Data Scientist,8,Finance,Hyderabad,Medium,106191
47,Female,Bachelor's,Data Analyst,6,Retail,Chennai,Medium,85335
28,Male,High School,Software Engineer,7,Education,Mumbai,Medium,84311
44,Male,High School,Sales Executive,9,Manufacturing,Chennai,Small,81884
51,Male,Master's,DevOps Engineer,0,Manufacturing,Chennai,Small,65079
32,Female,High School,Data Scientist,9,Retail,Bangalore,Small,91138
24,Female,Bachelor's,DevOps Engineer,4,Manufacturing,Chennai,Medium,82580
47,Male,Bachelor's,Accountant,5,Finance,Delhi,Large,92481
28,Female,High School,Business Analyst,2,Finance,Chennai,Medium,68344
60,Male,High School,Software Engineer,10,Healthcare,Hyderabad,Medium,99364
47,Male,PhD,Network Engineer,1,Manufacturing,Pune,Small,67140
21,Female,Bachelor's,Data Analyst,1,Education,Hyderabad,Small,53109
47,Female,PhD,Data Scientist,17,Retail,Delhi,Small,156302
51,Male,Bachelor's,Marketing Executive,8,Manufacturing,Pune,Medium,90828
52,Male,Bachelor's,Data Scientist,23,Finance,Pune,Small,169195
26,Male,High School,DevOps Engineer,5,Education,Chennai,Large,90592
35,Female,Bachelor's,DevOps Engineer,8,Manufacturing,Chennai,Medium,107679
54,Male,Master's,Data Scientist,16,Healthcare,Mumbai,Medium,155492
23,Male,High School,HR Manager,3,Finance,Hyderabad,Small,59396
31,Female,Master's,Software Engineer,6,Retail,Mumbai,Medium,90076
57,Female,PhD,HR Manager,12,Education,Pune,Medium,119930
38,Female,Master's,Marketing Executive,16,Finance,Chennai,Medium,139993
50,Male,High School,UI/UX Designer,21,Healthcare,Pune,Medium,150487
48,Female,High School,Accountant,20,Finance,Hyderabad,Small,132820
28,Female,Master's,Data Scientist,8,Healthcare,Chennai,Medium,119065
26,Male,Bachelor's,Sales Executive,6,Retail,Bangalore,Small,65273
33,Male,Master's,Accountant,11,Retail,Bangalore,Large,122235
44,Male,Bachelor's,DevOps Engineer,17,Retail,Bangalore,Medium,138140
31,Female,Bachelor's,DevOps Engineer,10,Finance,Pune,Large,125312
38,Female,PhD,Project Manager,1,Education,Pune,Medium,86167
41,Female,Master's,Software Engineer,4,IT,Chennai,Large,101420
60,Female,High School,Software Engineer,19,Education,Bangalore,Small,127125
36,Male,Bachelor's,UI/UX Designer,12,Education,Mumbai,Large,118072
43,Male,Bachelor's,Project Manager,2,Finance,Mumbai,Small,69372
49,Female,Master's,Marketing Executive,4,IT,Delhi,Small,80589
27,Female,Bachelor's,UI/UX Designer,7,Education,Chennai,Small,76017
25,Male,Master's,Project Manager,5,IT,Mumbai,Medium,105143
48,Male,Bachelor's,DevOps Engineer,18,Manufacturing,Mumbai,Medium,151566
27,Female,Master's,HR Manager,1,Manufacturing,Mumbai,Large,78408
24,Female,Master's,DevOps Engineer,0,Manufacturing,Chennai,Medium,75875
37,Male,High School,Software Engineer,11,IT,Delhi,Medium,117097
52,Female,PhD,UI/UX Designer,7,Healthcare,Hyderabad,Large,122686
59,Male,PhD,Network Engineer,18,Retail,Delhi,Medium,157857
27,Female,High School,Data Analyst,1,Finance,Chennai,Large,72951
23,Female,PhD,Business Analyst,2,Retail,Pune,Small,78074
22,Female,Bachelor's,Software Engineer,0,Manufacturing,Chennai,Small,53752
22,Female,PhD,Project Manager,2,Healthcare,Delhi,Medium,92074
38,Female,High School,Marketing Executive,14,Education,Delhi,Large,114631
34,Female,Master's,DevOps Engineer,8,Education,Chennai,Small,95456
42,Male,Bachelor's,Marketing Executive,11,Healthcare,Hyderabad,Large,115152
41,Female,PhD,UI/UX Designer,19,Finance,Mumbai,Small,160453
43,Male,PhD,Marketing Executive,10,Finance,Bangalore,Medium,115826
33,Female,Master's,Accountant,9,Manufacturing,Delhi,Large,115673
55,Male,PhD,Network Engineer,5,Manufacturing,Hyderabad,Small,84983
59,Female,PhD,Project Manager,21,Finance,Delhi,Medium,183000
29,Male,High School,DevOps Engineer,6,Healthcare,Pune,Large,101305
35,Female,High School,HR Manager,14,Retail,Bangalore,Large,116431
52,Male,Bachelor's,HR Manager,7,Finance,Mumbai,Large,98881
21,Female,Bachelor's,Software Engineer,1,Retail,Mumbai,Medium,66614
56,Female,Bachelor's,Sales Executive,18,Finance,Pune,Large,153428
45,Female,Master's,DevOps Engineer,23,Healthcare,Chennai,Medium,180472
36,Male,Master's,Data Analyst,10,Manufacturing,Bangalore,Medium,112819
58,Female,High School,Accountant,4,Manufacturing,Mumbai,Large,73717
59,Male,Master's,DevOps Engineer,7,Manufacturing,Delhi,Large,118123
38,Female,High School,Business Analyst,18,Retail,Mumbai,Medium,130059
31,Female,PhD,Accountant,0,Manufacturing,Hyderabad,Medium,68422
25,Female,Master's,Data Analyst,5,Manufacturing,Chennai,Large,91951
59,Female,PhD,DevOps Engineer,15,Finance,Mumbai,Small,148576
55,Female,Master's,Marketing Executive,22,Finance,Pune,Large,170363
55,Female,Master's,Software Engineer,21,Retail,Hyderabad,Large,174124
28,Male,High School,Accountant,1,Education,Delhi,Small,41576
59,Male,Bachelor's,Data Scientist,24,IT,Delhi,Medium,186436
26,Female,PhD,Network Engineer,0,Manufacturing,Delhi,Medium,75247
51,Male,Master's,Data Scientist,4,IT,Chennai,Medium,105051
37,Male,High School,Data Scientist,15,Healthcare,Mumbai,Small,127254
26,Male,PhD,Data Analyst,2,Retail,Chennai,Small,77127
24,Male,High School,Data Scientist,2,IT,Pune,Small,74355
45,Male,High School,Network Engineer,9,Retail,Chennai,Small,80588
60,Male,Bachelor's,Accountant,15,Finance,Chennai,Small,123325
44,Male,Bachelor's,Business Analyst,18,Manufacturing,Bangalore,Large,153292
22,Male,High School,Accountant,2,IT,Chennai,Medium,66718
32,Male,Bachelor's,Data Analyst,9,Education,Bangalore,Large,105027
50,Male,PhD,Business Analyst,21,IT,Delhi,Large,190043
36,Male,Bachelor's,HR Manager,11,Education,Bangalore,Medium,102370
24,Female,High School,Accountant,3,IT,Delhi,Large,84139
57,Female,PhD,Accountant,18,Manufacturing,Bangalore,Medium,149219
49,Female,Bachelor's,Project Manager,24,Manufacturing,Mumbai,Medium,174177
26,Female,High School,Business Analyst,3,IT,Chennai,Large,91488
45,Male,PhD,Project Manager,9,Manufacturing,Delhi,Small,112581
26,Male,Bachelor's,UI/UX Designer,2,Healthcare,Delhi,Small,56773
40,Female,Bachelor's,Marketing Executive,12,Retail,Hyderabad,Large,117329
54,Male,Master's,UI/UX Designer,5,Manufacturing,Hyderabad,Small,81991
32,Male,Master's,Data Analyst,3,Manufacturing,Bangalore,Medium,81857
60,Female,High School,Sales Executive,0,Finance,Delhi,Small,40077
36,Male,Bachelor's,Sales Executive,10,Finance,Chennai,Medium,100554
30,Female,Bachelor's,Network Engineer,9,Manufacturing,Chennai,Medium,95856
38,Male,High School,Sales Executive,13,Education,Mumbai,Medium,106498
37,Male,PhD,Software Engineer,0,Manufacturing,Mumbai,Small,65155
28,Female,Bachelor's,Business Analyst,1,IT,Bangalore,Large,80242
37,Female,Master's,Accountant,12,Healthcare,Chennai,Large,123777
28,Male,Bachelor's,Data Analyst,6,Retail,Mumbai,Small,77490
23,Female,PhD,Data Analyst,3,IT,Bangalore,Small,85522
26,Female,High School,HR Manager,6,Education,Pune,Medium,71338
49,Female,High School,UI/UX Designer,19,Retail,Bangalore,Small,124216
57,Female,Bachelor's,Marketing Executive,0,Healthcare,Bangalore,Medium,52287
24,Male,PhD,Data Scientist,3,Healthcare,Pune,Small,92514
33,Female,PhD,Software Engineer,5,Education,Hyderabad,Small,92623
31,Female,Master's,Software Engineer,2,IT,Delhi,Small,79487
55,Male,Bachelor's,DevOps Engineer,0,Healthcare,Chennai,Small,57700
35,Male,PhD,Software Engineer,0,Retail,Hyderabad,Medium,73678
23,Female,High School,UI/UX Designer,0,Education,Pune,Large,59627
60,Female,PhD,DevOps Engineer,12,Finance,Delhi,Medium,143654
50,Male,Bachelor's,Business Analyst,15,Retail,Chennai,Small,117199
32,Female,Master's,Data Scientist,6,Healthcare,Delhi,Small,97912
30,Female,PhD,Sales Executive,0,Manufacturing,Pune,Small,59048
43,Female,PhD,Sales Executive,6,Education,Mumbai,Large,106272
45,Male,Master's,Marketing Executive,14,Healthcare,Delhi,Medium,127682
34,Female,Bachelor's,DevOps Engineer,3,Finance,Pune,Small,80091
56,Female,PhD,Marketing Executive,24,Manufacturing,Chennai,Small,166315
51,Male,PhD,Project Manager,3,Retail,Mumbai,Small,84058
42,Male,Bachelor's,UI/UX Designer,17,Education,Pune,Medium,133757
22,Female,Bachelor's,Sales Executive,2,Retail,Delhi,Small,56230
30,Female,PhD,Network Engineer,10,Finance,Bangalore,Medium,126677
36,Male,PhD,Marketing Executive,4,Retail,Pune,Large,91590
25,Female,High School,Software Engineer,0,IT,Chennai,Small,55844
33,Female,Bachelor's,HR Manager,11,Healthcare,Hyderabad,Medium,111059
49,Male,Master's,DevOps Engineer,15,Finance,Chennai,Medium,150705
31,Female,Bachelor's,Sales Executive,2,IT,Pune,Large,77593
56,Male,PhD,DevOps Engineer,17,Healthcare,Delhi,Small,151902
49,Female,High School,Data Scientist,3,Education,Mumbai,Medium,73292
22,Female,Master's,Business Analyst,2,Retail,Pune,Small,61325
52,Male,Master's,Marketing Executive,21,IT,Chennai,Small,150710
60,Female,PhD,Data Scientist,9,IT,Delhi,Small,127289
26,Male,PhD,Software Engineer,2,Retail,Pune,Medium,84983
37,Male,Master's,Accountant,6,IT,Mumbai,Medium,91852
36,Female,Master's,Business Analyst,9,Education,Chennai,Small,99005
26,Male,High School,Data Scientist,2,Retail,Hyderabad,Large,81959
45,Female,PhD,Sales Executive,6,Education,Hyderabad,Large,105146
42,Female,PhD,Sales Executive,11,Manufacturing,Chennai,Small,110785
56,Male,PhD,Project Manager,6,Healthcare,Hyderabad,Medium,111220
53,Male,High School,Data Scientist,3,IT,Bangalore,Small,79617
25,Male,Bachelor's,Data Analyst,1,IT,Hyderabad,Large,80089
60,Female,Bachelor's,Network Engineer,2,Manufacturing,Mumbai,Large,72733
60,Male,High School,DevOps Engineer,3,Finance,Bangalore,Large,88540
26,Male,High School,Software Engineer,5,Education,Delhi,Small,62319
26,Male,Master's,UI/UX Designer,3,Retail,Bangalore,Medium,79615
59,Male,Bachelor's,Business Analyst,22,Healthcare,Delhi,Large,173250
32,Male,High School,Data Analyst,8,Finance,Bangalore,Medium,96880
57,Female,High School,DevOps Engineer,6,IT,Bangalore,Small,87730
31,Female,Master's,Network Engineer,6,Education,Pune,Large,96575
48,Female,Master's,DevOps Engineer,8,Finance,Pune,Small,106611
31,Male,High School,Data Analyst,1,Education,Chennai,Large,65546
26,Female,PhD,Software Engineer,5,Manufacturing,Delhi,Small,96136
44,Female,High School,Network Engineer,22,Healthcare,Delhi,Medium,153867
51,Male,PhD,Project Manager,11,Education,Chennai,Large,137237
58,Female,High School,DevOps Engineer,5,Healthcare,Mumbai,Medium,86814
46,Female,PhD,Business Analyst,14,Finance,Bangalore,Large,156874
22,Female,Master's,Sales Executive,0,Manufacturing,Bangalore,Medium,55228
48,Male,Bachelor's,Data Scientist,25,Retail,Bangalore,Small,167768
46,Female,Bachelor's,Project Manager,15,Healthcare,Bangalore,Small,127926
31,Female,Master's,HR Manager,4,Finance,Mumbai,Large,97091
48,Male,PhD,UI/UX Designer,5,IT,Chennai,Small,97796
51,Male,Master's,Data Scientist,19,Finance,Pune,Medium,169321
52,Female,Master's,UI/UX Designer,0,Finance,Chennai,Large,82028
60,Female,Bachelor's,Accountant,3,Healthcare,Chennai,Large,76599
44,Female,PhD,Data Analyst,18,IT,Mumbai,Medium,162032
34,Female,Bachelor's,Marketing Executive,5,Manufacturing,Mumbai,Medium,78957
42,Male,Bachelor's,Data Scientist,22,Healthcare,Delhi,Large,185713
60,Female,Bachelor's,Business Analyst,7,Retail,Mumbai,Small,84871
27,Female,Bachelor's,Network Engineer,6,Healthcare,Hyderabad,Large,98580
59,Female,Master's,Data Analyst,23,Education,Mumbai,Small,153844
44,Male,High School,Business Analyst,24,Finance,Bangalore,Large,178361
43,Female,PhD,Accountant,19,Finance,Chennai,Medium,161647
59,Male,Bachelor's,UI/UX Designer,17,Finance,Pune,Large,149343
24,Male,Master's,HR Manager,1,Education,Mumbai,Large,73385
37,Female,Bachelor's,Project Manager,6,IT,Hyderabad,Large,106289
44,Male,Bachelor's,Business Analyst,14,Manufacturing,Mumbai,Large,137729
49,Male,Master's,Data Analyst,24,Healthcare,Mumbai,Medium,178937
50,Male,Bachelor's,Network Engineer,9,Finance,Chennai,Small,90358
41,Female,PhD,Marketing Executive,17,Finance,Chennai,Large,164513
22,Female,PhD,UI/UX Designer,2,Healthcare,Mumbai,Small,73565
39,Male,High School,Accountant,10,IT,Delhi,Large,115137
25,Male,Bachelor's,Data Scientist,0,IT,Pune,Small,66505
44,Female,Master's,Data Analyst,11,Education,Chennai,Small,104062
55,Male,PhD,UI/UX Designer,1,Education,Delhi,Small,66895
49,Male,High School,Project Manager,5,Finance,Bangalore,Small,75359
35,Male,High School,Software Engineer,15,Finance,Bangalore,Small,122701
41,Female,PhD,UI/UX Designer,10,Manufacturing,Mumbai,Small,115064
22,Male,PhD,Accountant,2,IT,Hyderabad,Small,78421
35,Female,High School,Marketing Executive,15,Manufacturing,Hyderabad,Large,127841
31,Female,Bachelor's,Data Scientist,6,Retail,Hyderabad,Large,104352
56,Female,PhD,Data Scientist,11,Finance,Pune,Medium,139707
41,Male,PhD,Data Analyst,8,Manufacturing,Chennai,Medium,112299
59,Female,PhD,HR Manager,20,Finance,Hyderabad,Small,155748
34,Female,Master's,DevOps Engineer,3,Manufacturing,Bangalore,Large,98413
50,Male,Bachelor's,Network Engineer,1,Healthcare,Bangalore,Large,73577
21,Female,Bachelor's,Marketing Executive,0,Finance,Mumbai,Large,67363
50,Female,Bachelor's,Business Analyst,12,Education,Pune,Large,120071
25,Male,High School,Software Engineer,4,IT,Pune,Small,72493
21,Male,PhD,Sales Executive,1,Manufacturing,Pune,Small,62377
44,Female,Bachelor's,Sales Executive,6,Manufacturing,Chennai,Small,73840
22,Female,High School,Data Analyst,1,Healthcare,Bangalore,Medium,56853
28,Male,PhD,Data Scientist,0,IT,Hyderabad,Small,89458
58,Female,Master's,Project Manager,22,IT,Delhi,Large,185036
30,Male,High School,Sales Executive,3,Manufacturing,Mumbai,Small,56649
48,Male,PhD,Data Scientist,14,IT,Pune,Small,149601
39,Male,Bachelor's,Project Manager,15,IT,Delhi,Medium,139347
49,Female,High School,UI/UX Designer,25,IT,Pune,Medium,172293
24,Female,Master's,Data Analyst,2,Retail,Chennai,Medium,74922
31,Female,Master's,DevOps Engineer,5,Retail,Pune,Small,87181
47,Male,PhD,Marketing Executive,5,Education,Chennai,Medium,91602
55,Male,Master's,Sales Executive,13,IT,Pune,Medium,126952
43,Male,PhD,Business Analyst,20,Retail,Delhi,Small,157627
53,Male,Bachelor's,Network Engineer,20,Healthcare,Pune,Large,163399
29,Male,PhD,Data Analyst,3,Education,Hyderabad,Large,98012
27,Male,Master's,Accountant,0,Manufacturing,Bangalore,Large,71486
52,Female,Master's,DevOps Engineer,3,Healthcare,Pune,Medium,88089
57,Female,PhD,DevOps Engineer,11,IT,Bangalore,Large,149051
33,Male,High School,Accountant,11,IT,Mumbai,Small,98522
36,Male,Master's,HR Manager,12,Retail,Delhi,Small,101385
22,Male,Master's,Data Analyst,0,Finance,Bangalore,Large,75098
37,Male,High School,Sales Executive,14,Healthcare,Delhi,Medium,117790
40,Female,PhD,Marketing Executive,10,Finance,Chennai,Medium,123721
23,Female,High School,Business Analyst,3,Healthcare,Chennai,Small,65259
45,Female,High School,Sales Executive,24,Manufacturing,Pune,Large,169033
22,Male,High School,Business Analyst,1,IT,Mumbai,Medium,63859
36,Female,PhD,Sales Executive,3,Manufacturing,Chennai,Small,71062
41,Male,PhD,HR Manager,9,Retail,Mumbai,Small,99603
58,Male,High School,Accountant,21,Education,Hyderabad,Large,153088
38,Female,PhD,Accountant,18,Manufacturing,Delhi,Small,148595
28,Male,PhD,Data Scientist,8,Education,Chennai,Small,111756
59,Male,PhD,Data Analyst,10,Manufacturing,Bangalore,Small,113899
52,Female,High School,Sales Executive,7,Manufacturing,Delhi,Small,67218
40,Male,Bachelor's,Marketing Executive,5,Manufacturing,Pune,Medium,76785
28,Male,Bachelor's,Data Scientist,1,Finance,Delhi,Large,91677
52,Female,PhD,Software Engineer,11,Manufacturing,Pune,Large,140404
27,Female,PhD,Software Engineer,6,Healthcare,Mumbai,Large,112096
25,Male,Master's,UI/UX Designer,0,Healthcare,Mumbai,Medium,64253
28,Male,Bachelor's,Data Analyst,0,Retail,Bangalore,Large,67308
55,Female,Master's,Business Analyst,11,IT,Delhi,Small,113398
56,Female,Bachelor's,HR Manager,1,Finance,Chennai,Small,51683
44,Male,High School,Data Analyst,1,Retail,Delhi,Medium,54469
29,Female,Bachelor's,Business Analyst,5,Finance,Bangalore,Large,100336
51,Male,High School,Data Scientist,6,Education,Pune,Large,96393
29,Male,Bachelor's,Data Analyst,8,Education,Pune,Small,81047
47,Female,Master's,HR Manager,20,Healthcare,Mumbai,Small,141703
41,Female,High School,HR Manager,12,Manufacturing,Delhi,Medium,106369
59,Male,Bachelor's,Business Analyst,7,Retail,Pune,Medium,88454
59,Male,Master's,Business Analyst,16,IT,Mumbai,Large,158837
25,Female,High School,DevOps Engineer,4,Finance,Delhi,Small,76544
46,Female,PhD,UI/UX Designer,8,Healthcare,Chennai,Large,123048
51,Male,PhD,Sales Executive,16,Manufacturing,Pune,Large,154689
42,Male,PhD,Marketing Executive,2,Retail,Pune,Large,85122
38,Female,Master's,Network Engineer,8,Retail,Bangalore,Medium,96922
57,Female,Master's,Project Manager,6,Finance,Chennai,Large,113563
37,Male,Bachelor's,Network Engineer,13,Finance,Delhi,Medium,121422
55,Male,Master's,HR Manager,17,Education,Pune,Large,142420
39,Female,Bachelor's,Network Engineer,7,Manufacturing,Chennai,Small,81643
36,Female,PhD,DevOps Engineer,12,Healthcare,Pune,Medium,137397
37,Male,Master's,Data Analyst,2,Education,Pune,Medium,66090
33,Female,Master's,Business Analyst,12,Education,Pune,Large,131374
57,Female,Bachelor's,Project Manager,13,IT,Mumbai,Large,146252
27,Male,PhD,Sales Executive,7,Healthcare,Hyderabad,Small,92513
44,Female,High School,Software Engineer,24,IT,Chennai,Small,160087
27,Male,Bachelor's,Software Engineer,6,Manufacturing,Pune,Small,75825
42,Male,Master's,Project Manager,19,Education,Bangalore,Small,151390
57,Male,Master's,Accountant,24,Healthcare,Bangalore,Small,167071
58,Male,Bachelor's,Data Scientist,10,Education,Bangalore,Large,119627
26,Female,Master's,Business Analyst,4,IT,Hyderabad,Small,83620
36,Male,Bachelor's,Data Scientist,14,Finance,Chennai,Small,128912
40,Male,PhD,Business Analyst,13,Finance,Bangalore,Small,134193
49,Male,Bachelor's,DevOps Engineer,14,Education,Pune,Medium,130868
38,Male,PhD,Sales Executive,6,Retail,Chennai,Medium,98176
53,Male,PhD,Business Analyst,19,Retail,Bangalore,Medium,156767
59,Female,PhD,Data Scientist,22,Education,Bangalore,Small,175787
46,Female,Bachelor's,DevOps Engineer,8,Healthcare,Bangalore,Medium,100397
57,Female,High School,Business Analyst,7,Manufacturing,Hyderabad,Medium,87390
45,Male,PhD,Sales Executive,0,Manufacturing,Mumbai,Medium,72165
37,Male,Bachelor's,Project Manager,11,Healthcare,Chennai,Medium,114261
35,Male,High School,Sales Executive,6,Healthcare,Hyderabad,Small,66601
26,Female,High School,Project Manager,4,IT,Pune,Medium,83441
39,Female,PhD,Project Manager,4,Finance,Bangalore,Medium,102730
54,Male,Bachelor's,Data Analyst,2,Retail,Hyderabad,Large,73722
56,Male,PhD,Data Scientist,15,Finance,Hyderabad,Small,147603
27,Female,Bachelor's,Accountant,4,IT,Mumbai,Large,87931
30,Female,Bachelor's,HR Manager,8,IT,Chennai,Small,94409
22,Female,High School,Sales Executive,2,Finance,Bangalore,Small,51554
29,Female,Master's,Network Engineer,3,Healthcare,Mumbai,Small,69369
28,Female,Bachelor's,UI/UX Designer,3,Retail,Hyderabad,Small,58726
21,Female,PhD,Accountant,1,Education,Delhi,Medium,76102
50,Female,Master's,Network Engineer,20,Retail,Delhi,Large,161119
54,Male,Bachelor's,Accountant,13,Education,Bangalore,Small,97702
59,Female,Master's,Data Analyst,11,Retail,Mumbai,Medium,111407
44,Female,Master's,Business Analyst,0,Finance,Hyderabad,Small,61411
49,Male,Bachelor's,UI/UX Designer,18,Healthcare,Mumbai,Small,128268
35,Female,Master's,Business Analyst,14,Education,Mumbai,Large,138087
34,Male,Bachelor's,Sales Executive,7,IT,Bangalore,Small,84340
44,Male,Master's,Business Analyst,1,Education,Delhi,Medium,73301
39,Female,PhD,Software Engineer,11,Education,Hyderabad,Medium,121669
40,Female,Bachelor's,Software Engineer,16,IT,Bangalore,Large,145981
22,Female,Bachelor's,UI/UX Designer,2,Retail,Chennai,Small,58609
42,Female,PhD,Marketing Executive,19,Retail,Chennai,Medium,148334
54,Male,High School,Business Analyst,18,Education,Mumbai,Large,146978
57,Female,High School,Data Scientist,16,Education,Chennai,Large,143376
30,Female,Bachelor's,Data Analyst,2,Retail,Mumbai,Medium,62608
23,Male,Master's,Software Engineer,0,Finance,Bangalore,Medium,73841
30,Male,Master's,HR Manager,6,IT,Hyderabad,Small,88350
51,Female,High School,HR Manager,25,Education,Bangalore,Large,166371
26,Female,PhD,Marketing Executive,5,Retail,Delhi,Medium,88728
57,Male,Master's,UI/UX Designer,17,Manufacturing,Chennai,Large,156162
54,Female,Master's,Network Engineer,21,Finance,Bangalore,Small,158419
38,Female,Master's,Business Analyst,10,Manufacturing,Mumbai,Small,103221
27,Male,Bachelor's,HR Manager,2,Finance,Mumbai,Small,64883
53,Female,PhD,DevOps Engineer,11,Education,Mumbai,Large,140400
26,Female,Bachelor's,Network Engineer,1,Education,Delhi,Small,46432
48,Female,PhD,Data Scientist,12,Education,Mumbai,Small,131068
28,Male,Bachelor's,Business Analyst,4,Education,Mumbai,Large,86640
48,Male,Master's,HR Manager,7,Retail,Bangalore,Medium,96297
41,Male,PhD,Data Analyst,18,IT,Hyderabad,Small,152458
55,Male,PhD,Data Analyst,13,Manufacturing,Delhi,Small,119534
51,Female,High School,Data Scientist,5,Healthcare,Chennai,Large,103871
26,Male,Bachelor's,Project Manager,0,Healthcare,Hyderabad,Small,54647
60,Female,Bachelor's,Data Scientist,0,Education,Mumbai,Small,63721
39,Female,High School,Network Engineer,19,Healthcare,Bangalore,Small,136431
37,Female,High School,Business Analyst,5,Retail,Bangalore,Large,81024
46,Female,Bachelor's,DevOps Engineer,10,Education,Mumbai,Medium,108811
46,Male,Bachelor's,Project Manager,13,Manufacturing,Chennai,Small,118057
30,Male,High School,Data Analyst,2,IT,Pune,Small,57764
49,Female,Bachelor's,DevOps Engineer,4,IT,Chennai,Medium,97490
36,Female,PhD,Sales Executive,15,IT,Delhi,Large,153936
51,Female,High School,Marketing Executive,20,Finance,Mumbai,Small,130082
24,Female,Master's,Sales Executive,0,Finance,Mumbai,Medium,65301
49,Female,Master's,DevOps Engineer,4,Manufacturing,Mumbai,Large,106282
32,Female,Bachelor's,Project Manager,0,Education,Hyderabad,Medium,59427
23,Male,Bachelor's,Accountant,1,Retail,Mumbai,Medium,54457
47,Female,High School,UI/UX Designer,1,Healthcare,Delhi,Medium,60024
21,Female,PhD,Accountant,0,Finance,Bangalore,Small,71273
38,Male,PhD,Accountant,16,Retail,Pune,Large,153126
23,Female,Master's,Accountant,3,Education,Hyderabad,Medium,66793
47,Male,High School,Business Analyst,18,Education,Mumbai,Large,143163
58,Male,PhD,Project Manager,7,Healthcare,Delhi,Small,111995
37,Male,Master's,Software Engineer,12,Retail,Bangalore,Small,113360
36,Female,High School,Sales Executive,12,IT,Hyderabad,Medium,105267
53,Male,Master's,Network Engineer,23,Manufacturing,Hyderabad,Medium,171250
56,Female,High School,HR Manager,9,Education,Pune,Large,95403
55,Female,Bachelor's,Software Engineer,20,Manufacturing,Mumbai,Small,141023
51,Male,High School,Data Scientist,0,Manufacturing,Delhi,Medium,64789
37,Female,Bachelor's,Sales Executive,13,Finance,Delhi,Small,105099
39,Male,High School,Data Analyst,9,Finance,Hyderabad,Small,85581
38,Female,High School,Business Analyst,5,Healthcare,Hyderabad,Large,92868
28,Male,Master's,Data Analyst,7,Healthcare,Hyderabad,Medium,98855
33,Male,Master's,DevOps Engineer,8,IT,Pune,Small,107658
30,Female,Bachelor's,Accountant,5,Manufacturing,Pune,Small,69257
22,Male,PhD,Sales Executive,1,IT,Pune,Medium,80244
33,Male,PhD,Network Engineer,9,Manufacturing,Delhi,Small,109599
56,Male,PhD,Sales Executive,24,Healthcare,Delhi,Medium,175687
23,Female,Bachelor's,Software Engineer,3,Retail,Chennai,Small,64049
47,Male,High School,Marketing Executive,23,Education,Hyderabad,Small,144242
54,Female,High School,Network Engineer,17,Finance,Mumbai,Medium,130462
60,Female,High School,UI/UX Designer,25,Healthcare,Bangalore,Medium,167307
23,Female,High School,Project Manager,0,Manufacturing,Bangalore,Large,71219
30,Male,Master's,Sales Executive,4,IT,Pune,Medium,89163
40,Male,PhD,Software Engineer,9,IT,Chennai,Medium,122024
29,Female,High School,Marketing Executive,8,IT,Hyderabad,Medium,91215
28,Female,Bachelor's,Network Engineer,2,IT,Bangalore,Small,66103
56,Female,High School,DevOps Engineer,24,Retail,Pune,Large,182049
40,Female,PhD,Software Engineer,3,Healthcare,Mumbai,Small,83908
24,Female,High School,Data Analyst,1,Retail,Hyderabad,Small,42196
51,Male,Master's,Sales Executive,25,Retail,Hyderabad,Medium,175180
56,Male,Bachelor's,Data Analyst,25,Healthcare,Bangalore,Small,158775
51,Male,Bachelor's,Data Scientist,6,Manufacturing,Delhi,Large,108683
21,Female,Bachelor's,Business Analyst,1,Retail,Bangalore,Small,52957
60,Male,PhD,HR Manager,21,Retail,Chennai,Medium,166127
58,Female,Master's,Project Manager,13,Finance,Pune,Small,126677
59,Female,High School,Data Analyst,15,Education,Pune,Small,105600
57,Male,High School,UI/UX Designer,5,Finance,Bangalore,Large,89282
36,Female,High School,UI/UX Designer,1,Education,Bangalore,Small,43345
57,Female,Bachelor's,DevOps Engineer,0,IT,Delhi,Small,63752
42,Male,PhD,Data Scientist,6,Finance,Delhi,Large,130041
41,Female,PhD,UI/UX Designer,13,Retail,Delhi,Medium,129802
30,Male,PhD,Marketing Executive,3,Finance,Delhi,Large,100526
52,Female,PhD,Software Engineer,8,Healthcare,Hyderabad,Medium,112598
24,Male,PhD,Accountant,0,Healthcare,Bangalore,Medium,72705
30,Male,Master's,Data Scientist,4,Education,Hyderabad,Medium,96608
50,Female,Master's,UI/UX Designer,11,Finance,Mumbai,Small,114312
45,Male,Bachelor's,Business Analyst,8,Finance,Mumbai,Small,91840
52,Male,Bachelor's,Accountant,12,Retail,Delhi,Small,97385
44,Female,Master's,DevOps Engineer,16,IT,Chennai,Large,165614
22,Male,High School,HR Manager,0,Healthcare,Chennai,Small,47143
54,Female,Bachelor's,Software Engineer,0,Healthcare,Delhi,Large,76305
42,Female,PhD,HR Manager,0,Finance,Hyderabad,Large,88960
37,Female,Bachelor's,UI/UX Designer,8,Education,Delhi,Large,97574
45,Female,Bachelor's,HR Manager,15,Healthcare,Hyderabad,Medium,127223
36,Male,PhD,HR Manager,10,Education,Pune,Small,102690
57,Female,Bachelor's,Sales Executive,4,IT,Bangalore,Medium,82765
25,Male,PhD,DevOps Engineer,0,Finance,Bangalore,Large,97579
44,Male,High School,Project Manager,3,IT,Pune,Medium,81094
58,Male,Bachelor's,Data Analyst,14,Healthcare,Bangalore,Large,128532
37,Male,Bachelor's,Software Engineer,17,Education,Delhi,Medium,128604
52,Male,PhD,Marketing Executive,6,IT,Hyderabad,Large,118431
38,Male,PhD,DevOps Engineer,0,Healthcare,Chennai,Medium,81440
27,Male,Master's,HR Manager,0,Finance,Bangalore,Small,56939
33,Male,Bachelor's,HR Manager,13,Finance,Chennai,Medium,120864
35,Female,High School,Data Analyst,4,Manufacturing,Delhi,Small,61908
48,Male,High School,Data Scientist,4,Education,Mumbai,Small,73136
23,Male,PhD,Data Analyst,1,IT,Bangalore,Small,76018
47,Female,PhD,HR Manager,3,Manufacturing,Bangalore,Medium,87922
31,Female,Bachelor's,Business Analyst,9,Education,Bangalore,Large,107074
41,Female,Bachelor's,DevOps Engineer,8,IT,Bangalore,Medium,112152
55,Male,High School,Network Engineer,14,IT,Delhi,Small,113764
55,Male,PhD,Sales Executive,3,Manufacturing,Pune,Large,89365
54,Male,Bachelor's,Data Scientist,5,Finance,Hyderabad,Large,106456
55,Female,High School,Marketing Executive,17,Retail,Pune,Small,112778
42,Male,Bachelor's,Data Scientist,17,IT,Mumbai,Medium,151789
35,Male,Bachelor's,Network Engineer,2,Education,Hyderabad,Medium,63273
50,Male,Master's,Marketing Executive,5,IT,Hyderabad,Small,76896
22,Male,Master's,Data Scientist,0,Manufacturing,Delhi,Large,83353
33,Male,High School,Business Analyst,7,Retail,Delhi,Medium,89410
22,Male,Bachelor's,Marketing Executive,2,Healthcare,Mumbai,Large,76257
39,Female,Master's,Data Scientist,9,IT,Pune,Small,117205
52,Male,High School,Data Scientist,16,Finance,Chennai,Large,152146
45,Male,High School,Accountant,15,Education,Mumbai,Small,110317
24,Female,Master's,HR Manager,0,Education,Chennai,Large,65453
44,Male,Master's,Accountant,23,Finance,Mumbai,Medium,168363
47,Male,Master's,Accountant,4,Finance,Chennai,Medium,84999
40,Male,PhD,DevOps Engineer,5,IT,Pune,Large,127196
24,Female,Bachelor's,HR Manager,3,Education,Pune,Large,76317
22,Male,Bachelor's,Data Scientist,2,IT,Hyderabad,Medium,84005
46,Female,High School,Accountant,8,Retail,Delhi,Small,74237
32,Female,PhD,Business Analyst,8,Finance,Pune,Small,108075
54,Male,High School,Sales Executive,20,Healthcare,Bangalore,Small,129318
46,Female,Master's,DevOps Engineer,19,Finance,Pune,Large,176178
40,Female,High School,HR Manager,5,Education,Delhi,Small,65156
48,Male,High School,Project Manager,6,Healthcare,Hyderabad,Medium,90392
39,Male,Bachelor's,Marketing Executive,12,Healthcare,Chennai,Small,101607
35,Male,Master's,Accountant,11,Manufacturing,Bangalore,Medium,105881
26,Male,PhD,Project Manager,3,Education,Chennai,Medium,91200
27,Male,Bachelor's,Accountant,5,Manufacturing,Pune,Large,86012
42,Female,PhD,Network Engineer,4,Manufacturing,Hyderabad,Large,97615
39,Female,Master's,HR Manager,1,Finance,Bangalore,Small,61683
54,Male,Master's,DevOps Engineer,8,IT,Mumbai,Large,125316
27,Female,High School,DevOps Engineer,1,Retail,Mumbai,Large,71527
55,Male,Bachelor's,HR Manager,1,Retail,Hyderabad,Large,70570
34,Female,PhD,UI/UX Designer,2,Healthcare,Bangalore,Small,73569
25,Female,PhD,Marketing Executive,0,Education,Hyderabad,Medium,70052
54,Male,High School,Data Scientist,0,Finance,Hyderabad,Small,62481
47,Female,Bachelor's,Network Engineer,3,Retail,Hyderabad,Small,60969
51,Male,PhD,Project Manager,20,Manufacturing,Chennai,Large,183807
21,Male,PhD,Marketing Executive,0,Retail,Chennai,Small,55249
40,Female,High School,Data Analyst,19,Retail,Delhi,Large,142283
55,Female,Bachelor's,HR Manager,9,Education,Pune,Medium,87932
58,Male,PhD,HR Manager,4,Finance,Delhi,Small,91938
59,Female,Bachelor's,Data Analyst,16,Finance,Mumbai,Medium,134532
47,Female,High School,Project Manager,2,IT,Delhi,Large,84130
54,Male,PhD,DevOps Engineer,17,IT,Chennai,Large,179029
36,Male,PhD,Sales Executive,15,Education,Delhi,Small,123408
29,Male,High School,Software Engineer,6,Finance,Hyderabad,Large,97919
45,Female,High School,Software Engineer,12,Education,Bangalore,Large,112190
41,Female,High School,Data Scientist,6,Finance,Chennai,Medium,92852
48,Female,Bachelor's,Sales Executive,16,Retail,Hyderabad,Medium,124954
56,Female,Bachelor's,Network Engineer,20,Finance,Pune,Medium,147660
28,Male,Master's,Accountant,3,IT,Pune,Medium,83113
40,Male,PhD,UI/UX Designer,7,Retail,Delhi,Large,116175
23,Male,Bachelor's,UI/UX Designer,1,Healthcare,Pune,Large,70374
27,Male,PhD,DevOps Engineer,5,Manufacturing,Hyderabad,Large,119813
44,Male,High School,Project Manager,18,Healthcare,Pune,Small,137423
37,Female,PhD,Network Engineer,5,Manufacturing,Pune,Large,110883
45,Female,Master's,Accountant,24,Manufacturing,Pune,Large,175468
54,Male,Bachelor's,Accountant,9,Healthcare,Pune,Medium,93907
42,Male,High School,Project Manager,18,IT,Pune,Medium,146869
33,Female,Bachelor's,HR Manager,1,Healthcare,Bangalore,Medium,65739
56,Female,PhD,Network Engineer,1,Manufacturing,Hyderabad,Large,86039
46,Female,High School,Business Analyst,20,Education,Hyderabad,Large,149849
34,Female,Bachelor's,Accountant,4,Retail,Bangalore,Medium,68997
54,Male,High School,Project Manager,4,IT,Chennai,Medium,83334
57,Female,PhD,Marketing Executive,19,IT,Pune,Small,159174
43,Female,Bachelor's,Sales Executive,17,Manufacturing,Chennai,Small,125886
45,Female,PhD,UI/UX Designer,11,IT,Bangalore,Small,126478
27,Male,Bachelor's,Accountant,2,Healthcare,Pune,Medium,64127
33,Female,Master's,Sales Executive,12,Retail,Bangalore,Small,107339
38,Male,High School,Data Scientist,1,Education,Bangalore,Small,61919
48,Female,PhD,Sales Executive,19,IT,Hyderabad,Small,158755
33,Male,High School,UI/UX Designer,1,Finance,Pune,Medium,58285
25,Female,High School,Network Engineer,3,Manufacturing,Chennai,Small,62437
25,Male,Master's,Software Engineer,5,Education,Mumbai,Small,83043
49,Female,PhD,UI/UX Designer,20,Finance,Hyderabad,Large,178612
38,Female,High School,Business Analyst,8,Education,Mumbai,Large,99401
31,Male,PhD,Data Scientist,0,Manufacturing,Mumbai,Medium,91769
29,Female,High School,Accountant,5,IT,Delhi,Medium,80799
24,Female,High School,Project Manager,1,IT,Mumbai,Large,78600
33,Female,Bachelor's,Business Analyst,3,Finance,Hyderabad,Small,71363
31,Male,Master's,Sales Executive,3,IT,Mumbai,Large,94106
21,Male,Bachelor's,UI/UX Designer,0,IT,Hyderabad,Large,71007
45,Female,Bachelor's,Sales Executive,3,Finance,Pune,Large,78668
50,Female,Master's,Sales Executive,15,IT,Bangalore,Small,123717
55,Male,Master's,Project Manager,9,Retail,Hyderabad,Large,124983
41,Male,Bachelor's,Sales Executive,1,Healthcare,Pune,Small,53564
38,Female,High School,HR Manager,9,Education,Bangalore,Large,94164
46,Male,High School,Data Scientist,15,Education,Delhi,Medium,127558
25,Male,Bachelor's,UI/UX Designer,0,IT,Mumbai,Large,72676
33,Female,PhD,Data Scientist,4,Retail,Pune,Medium,107936
49,Male,PhD,HR Manager,7,Retail,Bangalore,Small,97404
41,Male,High School,Marketing Executive,13,Finance,Pune,Medium,113574
58,Female,PhD,Sales Executive,17,Manufacturing,Hyderabad,Medium,142500
46,Female,Bachelor's,Sales Executive,15,Retail,Bangalore,Small,105536
45,Male,Bachelor's,Data Analyst,17,Manufacturing,Bangalore,Small,126222
41,Female,Bachelor's,Data Analyst,21,Education,Delhi,Large,153743
42,Male,PhD,Data Analyst,17,Manufacturing,Chennai,Medium,146693
54,Female,Bachelor's,Data Analyst,20,Retail,Bangalore,Medium,147482
59,Female,Master's,HR Manager,1,Education,Pune,Large,77457
22,Male,Bachelor's,Software Engineer,0,Healthcare,Hyderabad,Large,75884
48,Female,Master's,Accountant,23,Healthcare,Delhi,Small,163422
42,Female,High School,UI/UX Designer,19,IT,Chennai,Medium,150440
53,Female,High School,DevOps Engineer,14,Manufacturing,Mumbai,Small,114933
36,Male,PhD,Sales Executive,12,Education,Bangalore,Large,126429
60,Female,Master's,Sales Executive,14,IT,Pune,Small,126108
60,Female,PhD,Sales Executive,17,Retail,Bangalore,Large,157787
52,Male,Bachelor's,Data Scientist,22,Healthcare,Pune,Large,184092
23,Male,High School,Sales Executive,2,Manufacturing,Bangalore,Large,68040
24,Female,High School,UI/UX Designer,2,Healthcare,Mumbai,Medium,66481
57,Male,High School,UI/UX Designer,1,IT,Bangalore,Medium,66113
44,Female,Master's,Data Scientist,8,Retail,Mumbai,Medium,109213
29,Male,Master's,Data Scientist,5,Manufacturing,Bangalore,Large,113227
57,Male,PhD,HR Manager,8,Finance,Pune,Large,123573
46,Male,Master's,Data Analyst,5,Manufacturing,Delhi,Medium,90233
42,Male,Bachelor's,Marketing Executive,15,Education,Bangalore,Large,128113
58,Female,Bachelor's,Marketing Executive,7,Retail,Pune,Large,88174
35,Female,PhD,Marketing Executive,3,Healthcare,Hyderabad,Large,98002
37,Female,Master's,Software Engineer,12,Retail,Chennai,Medium,118287
35,Male,Bachelor's,Project Manager,0,Manufacturing,Pune,Small,53854
51,Female,PhD,Data Scientist,19,IT,Bangalore,Large,195035
36,Female,High School,Data Analyst,8,Healthcare,Bangalore,Medium,86445
41,Male,PhD,Data Analyst,9,Healthcare,Chennai,Small,107048
32,Male,Bachelor's,Sales Executive,5,Education,Delhi,Large,81401
48,Male,Master's,Software Engineer,14,IT,Pune,Medium,134787
39,Male,High School,Marketing Executive,2,Finance,Mumbai,Medium,65694
54,Male,High School,Network Engineer,15,Manufacturing,Bangalore,Medium,118951
44,Female,Bachelor's,Accountant,4,Retail,Pune,Medium,67667
29,Female,PhD,Sales Executive,5,IT,Chennai,Large,112869
55,Female,Master's,Project Manager,14,Finance,Bangalore,Medium,143359
42,Female,Master's,Accountant,21,Manufacturing,Chennai,Large,166459
41,Male,Master's,Data Scientist,19,Retail,Bangalore,Medium,156859
48,Male,High School,Data Scientist,10,IT,Hyderabad,Small,110027
44,Male,Bachelor's,Network Engineer,20,Manufacturing,Bangalore,Small,136148
28,Female,Master's,Data Analyst,5,Finance,Hyderabad,Medium,94372
23,Male,PhD,Accountant,1,Manufacturing,Bangalore,Large,85151
40,Female,PhD,Sales Executive,9,Retail,Pune,Large,115860
52,Female,Bachelor's,Sales Executive,22,Education,Delhi,Medium,150771
30,Male,Bachelor's,Marketing Executive,0,Retail,Delhi,Large,61042
39,Male,High School,Accountant,6,Finance,Bangalore,Large,88190
33,Male,High School,Data Scientist,13,Finance,Pune,Small,120494
60,Male,High School,Sales Executive,2,Manufacturing,Hyderabad,Small,50805
37,Female,Bachelor's,HR Manager,15,Manufacturing,Pune,Medium,117896
55,Female,PhD,Sales Executive,5,Retail,Delhi,Small,80399
32,Female,PhD,Business Analyst,5,Healthcare,Chennai,Large,115708
38,Female,Bachelor's,Sales Executive,15,Finance,Pune,Small,114833
60,Male,PhD,Sales Executive,2,Manufacturing,Pune,Small,72430
24,Female,Bachelor's,DevOps Engineer,4,Education,Hyderabad,Large,89876
25,Male,Bachelor's,HR Manager,3,Education,Delhi,Large,79748
58,Male,High School,Marketing Executive,5,Finance,Bangalore,Small,68249
31,Female,PhD,Marketing Executive,1,Manufacturing,Pune,Small,64371
56,Female,Bachelor's,HR Manager,17,Finance,Chennai,Large,145506
57,Female,Bachelor's,Marketing Executive,17,Retail,Chennai,Medium,123501
52,Male,PhD,DevOps Engineer,23,Manufacturing,Mumbai,Small,180940
39,Female,High School,Network Engineer,7,Healthcare,Chennai,Medium,82408
32,Female,PhD,Software Engineer,7,Finance,Pune,Small,101644
31,Female,Master's,HR Manager,0,Manufacturing,Pune,Medium,58843
34,Male,Master's,Data Scientist,7,Retail,Pune,Large,113640
30,Male,High School,Data Scientist,0,Healthcare,Mumbai,Large,80978
33,Female,High School,Software Engineer,2,Healthcare,Pune,Medium,69497
53,Female,PhD,Marketing Executive,16,Manufacturing,Bangalore,Large,154426
43,Male,Bachelor's,UI/UX Designer,5,Retail,Mumbai,Small,68809
22,Female,Master's,HR Manager,1,Education,Delhi,Small,52293
50,Male,Master's,Data Scientist,2,Finance,Delhi,Large,96374
30,Male,Bachelor's,DevOps Engineer,10,Retail,Delhi,Medium,106515
40,Male,PhD,Project Manager,6,Manufacturing,Delhi,Large,114928
60,Male,High School,Network Engineer,6,Education,Mumbai,Small,72723
52,Male,High School,Data Scientist,2,Education,Hyderabad,Large,78486
28,Female,Bachelor's,Data Analyst,3,Manufacturing,Delhi,Medium,73144
29,Male,High School,Network Engineer,0,Manufacturing,Delhi,Small,40846
45,Male,High School,Data Scientist,12,Finance,Hyderabad,Small,118315
29,Male,PhD,HR Manager,5,Finance,Pune,Large,105106
39,Male,Bachelor's,Sales Executive,18,Education,Chennai,Small,120930
50,Male,Master's,Accountant,20,IT,Bangalore,Medium,155645
26,Male,High School,Accountant,2,Manufacturing,Mumbai,Large,68523
21,Male,Bachelor's,Data Scientist,1,Retail,Chennai,Medium,67780
58,Male,Master's,Marketing Executive,6,Manufacturing,Mumbai,Small,76516
57,Male,Master's,Data Scientist,19,Manufacturing,Pune,Medium,159092
35,Female,High School,Data Scientist,14,Healthcare,Bangalore,Medium,134006
41,Male,Master's,Sales Executive,17,Healthcare,Bangalore,Small,129749
25,Female,Bachelor's,Software Engineer,5,Finance,Mumbai,Small,76517
44,Female,Bachelor's,Business Analyst,19,Finance,Pune,Medium,146488
31,Female,High School,Business Analyst,9,Manufacturing,Delhi,Small,89482
58,Male,PhD,HR Manager,0,Finance,Bangalore,Medium,77609
41,Male,Bachelor's,UI/UX Designer,8,Manufacturing,Delhi,Small,85676
23,Female,High School,Data Analyst,1,IT,Pune,Medium,67632
57,Male,PhD,Marketing Executive,24,Education,Chennai,Large,185076
49,Male,Master's,Marketing Executive,18,Healthcare,Mumbai,Small,133116
51,Male,Bachelor's,Project Manager,3,Education,Mumbai,Small,63222
56,Male,High School,Accountant,1,IT,Hyderabad,Small,55259
56,Female,High School,Business Analyst,7,Education,Chennai,Small,73152
48,Female,High School,Accountant,16,IT,Pune,Small,123336
27,Male,High School,DevOps Engineer,2,IT,Chennai,Large,91593
26,Male,High School,Sales Executive,1,Education,Hyderabad,Small,44068
35,Female,High School,Software Engineer,10,Healthcare,Chennai,Large,115061
40,Male,PhD,Data Scientist,6,IT,Delhi,Small,109285
57,Female,Bachelor's,Marketing Executive,13,Retail,Pune,Large,120820
48,Male,PhD,Network Engineer,22,Healthcare,Mumbai,Small,163974
56,Female,Master's,HR Manager,0,Manufacturing,Bangalore,Large,69565
49,Female,PhD,Sales Executive,8,Education,Bangalore,Small,99587
25,Male,Bachelor's,Data Scientist,4,Manufacturing,Mumbai,Small,75943
38,Male,PhD,Sales Executive,12,IT,Chennai,Medium,128111
28,Male,PhD,Network Engineer,0,Education,Delhi,Medium,70133
23,Male,Master's,Network Engineer,0,Finance,Pune,Large,83222
38,Male,High School,Marketing Executive,18,Finance,Delhi,Large,143188
32,Female,Master's,Network Engineer,0,Retail,Pune,Small,58796
52,Male,PhD,UI/UX Designer,12,Finance,Delhi,Small,128589
58,Female,High School,Sales Executive,14,Education,Pune,Large,114672
47,Male,High School,Data Scientist,12,Finance,Mumbai,Medium,126946
51,Female,Master's,HR Manager,18,Finance,Bangalore,Medium,145998
34,Female,Master's,Network Engineer,11,Retail,Hyderabad,Large,116740
25,Male,Master's,Data Scientist,5,Education,Delhi,Small,87011
50,Female,PhD,Accountant,1,Finance,Hyderabad,Small,68399
31,Male,High School,UI/UX Designer,10,Manufacturing,Delhi,Medium,101941
26,Female,Master's,UI/UX Designer,1,Manufacturing,Pune,Large,76901
28,Female,PhD,Software Engineer,1,Manufacturing,Pune,Large,94826
22,Male,PhD,Project Manager,0,Healthcare,Pune,Small,72970
49,Female,Bachelor's,Network Engineer,11,Education,Pune,Medium,98688
55,Female,High School,Software Engineer,5,Healthcare,Pune,Small,74271
41,Male,High School,Data Scientist,15,Finance,Mumbai,Large,147407
59,Female,High School,UI/UX Designer,12,Manufacturing,Hyderabad,Small,103673
38,Female,PhD,Accountant,5,Retail,Bangalore,Medium,95979
51,Male,High School,Project Manager,21,IT,Pune,Medium,159431
37,Female,PhD,Data Analyst,2,Healthcare,Mumbai,Small,81041
36,Male,PhD,Project Manager,5,Manufacturing,Delhi,Large,114960
45,Female,High School,Business Analyst,11,Retail,Delhi,Large,110477
39,Female,PhD,DevOps Engineer,1,Manufacturing,Chennai,Large,99787
55,Female,Master's,Network Engineer,7,Education,Hyderabad,Medium,95883
40,Female,High School,Business Analyst,4,IT,Bangalore,Large,87674
45,Female,Bachelor's,Marketing Executive,4,Retail,Bangalore,Large,77509
55,Female,Bachelor's,Software Engineer,17,Retail,Pune,Small,130259
46,Female,Bachelor's,Network Engineer,17,IT,Mumbai,Small,134974
51,Male,PhD,Network Engineer,4,Retail,Hyderabad,Medium,86038
26,Male,High School,HR Manager,2,IT,Pune,Large,77861
59,Male,Bachelor's,HR Manager,20,Manufacturing,Mumbai,Small,135495
51,Male,PhD,Software Engineer,23,Healthcare,Bangalore,Small,173669
41,Male,High School,Sales Executive,17,Healthcare,Delhi,Small,119403
38,Male,PhD,Data Scientist,9,Healthcare,Hyderabad,Large,141527
41,Male,High School,HR Manager,20,Manufacturing,Chennai,Medium,144293
47,Male,High School,Business Analyst,12,Manufacturing,Mumbai,Large,122450
29,Female,High School,Accountant,4,Retail,Delhi,Small,59564
56,Female,High School,Project Manager,4,IT,Mumbai,Medium,89470
27,Female,Master's,Network Engineer,3,Finance,Mumbai,Large,91842
55,Female,Bachelor's,DevOps Engineer,13,Retail,Mumbai,Large,133605
53,Female,Master's,DevOps Engineer,12,IT,Chennai,Medium,136137
24,Male,High School,Network Engineer,0,Finance,Delhi,Large,62959
51,Female,Bachelor's,DevOps Engineer,11,Education,Delhi,Small,102357
25,Male,High School,Sales Executive,3,Manufacturing,Delhi,Small,58264
55,Female,PhD,HR Manager,24,Education,Chennai,Small,166060
27,Female,Master's,Marketing Executive,4,Retail,Hyderabad,Medium,70125
24,Female,Master's,Data Scientist,0,Healthcare,Pune,Large,86931
24,Female,PhD,Sales Executive,2,Manufacturing,Chennai,Large,91067
52,Male,High School,Marketing Executive,13,Education,Chennai,Small,94591
41,Male,Master's,Business Analyst,13,Education,Chennai,Large,136858
49,Male,Master's,Marketing Executive,25,Finance,Bangalore,Large,188465
29,Male,Master's,Project Manager,3,Education,Mumbai,Small,76360
42,Female,Master's,Software Engineer,22,IT,Mumbai,Large,188890
59,Female,Bachelor's,Software Engineer,11,IT,Delhi,Large,125125
32,Female,Bachelor's,Data Scientist,1,Healthcare,Bangalore,Medium,79337
51,Female,PhD,Data Scientist,9,Healthcare,Pune,Small,116954
27,Female,Bachelor's,Project Manager,1,Manufacturing,Hyderabad,Small,64747
37,Male,PhD,Software Engineer,17,IT,Pune,Small,156275
58,Male,PhD,Business Analyst,16,Manufacturing,Mumbai,Large,157209
26,Male,Master's,Business Analyst,1,IT,Chennai,Medium,81193
37,Male,PhD,Data Analyst,5,Finance,Delhi,Small,89376
34,Male,Master's,HR Manager,8,Manufacturing,Mumbai,Medium,100046
43,Female,PhD,Accountant,22,IT,Mumbai,Large,185765
44,Male,Bachelor's,Project Manager,8,Finance,Hyderabad,Large,119248
41,Female,Master's,Project Manager,8,IT,Hyderabad,Large,125169
40,Male,Master's,Project Manager,20,Manufacturing,Mumbai,Medium,160224
25,Female,Bachelor's,HR Manager,0,Finance,Delhi,Medium,63802
60,Female,PhD,UI/UX Designer,24,Retail,Delhi,Small,175182
46,Male,Bachelor's,HR Manager,24,Manufacturing,Chennai,Large,176016
31,Male,Bachelor's,Accountant,0,Retail,Mumbai,Large,58192
51,Female,High School,UI/UX Designer,11,Retail,Hyderabad,Small,91545
23,Female,Master's,DevOps Engineer,2,Manufacturing,Bangalore,Small,79975
35,Male,Bachelor's,Project Manager,10,Retail,Bangalore,Medium,108006
21,Female,High School,Accountant,0,IT,Delhi,Medium,59768
53,Female,High School,Sales Executive,9,Healthcare,Bangalore,Medium,89667
44,Female,Master's,Sales Executive,8,IT,Pune,Small,92080
51,Male,Bachelor's,Business Analyst,19,Manufacturing,Pune,Small,137751
36,Female,Bachelor's,Accountant,3,Education,Pune,Large,78328
45,Male,PhD,Network Engineer,25,Retail,Pune,Small,176514
41,Male,Bachelor's,Business Analyst,15,IT,Chennai,Medium,134658
45,Female,High School,Data Analyst,7,Manufacturing,Pune,Large,92639
32,Female,Bachelor's,HR Manager,4,Retail,Delhi,Small,60666
54,Female,Bachelor's,Network Engineer,7,IT,Bangalore,Small,83992
46,Male,Bachelor's,Data Scientist,5,Retail,Pune,Small,80248
30,Male,High School,Data Analyst,1,IT,Bangalore,Small,51534
22,Male,PhD,Business Analyst,0,Education,Mumbai,Small,61488
53,Male,PhD,DevOps Engineer,20,Education,Hyderabad,Small,162841
33,Male,PhD,Data Analyst,5,Healthcare,Hyderabad,Large,112560
39,Male,Bachelor's,UI/UX Designer,10,IT,Pune,Large,123906
38,Female,Bachelor's,HR Manager,13,Healthcare,Chennai,Medium,112100
23,Male,Bachelor's,DevOps Engineer,0,IT,Mumbai,Medium,70057
44,Male,Master's,DevOps Engineer,8,Retail,Mumbai,Medium,108429
22,Female,High School,Sales Executive,2,Education,Delhi,Medium,53401
26,Male,High School,UI/UX Designer,0,Education,Chennai,Medium,46479
35,Female,High School,Business Analyst,9,Retail,Chennai,Small,90190
38,Male,High School,Accountant,15,Retail,Hyderabad,Medium,116543
47,Female,Bachelor's,Project Manager,17,Retail,Bangalore,Medium,137110
45,Female,PhD,Software Engineer,19,Retail,Bangalore,Large,174642
56,Female,High School,Business Analyst,16,Retail,Delhi,Large,131190
44,Female,Master's,Network Engineer,0,Education,Bangalore,Medium,57270
57,Male,PhD,Software Engineer,14,Manufacturing,Pune,Small,127364
26,Male,PhD,DevOps Engineer,1,Healthcare,Mumbai,Large,101728
21,Male,High School,Accountant,1,IT,Pune,Medium,57693
50,Female,Master's,Accountant,11,Healthcare,Hyderabad,Medium,114986
39,Male,Bachelor's,Business Analyst,2,Healthcare,Mumbai,Large,77222
27,Female,Master's,Data Analyst,2,Retail,Delhi,Large,78257
48,Female,Bachelor's,Data Scientist,8,Finance,Pune,Medium,114392
58,Female,PhD,Software Engineer,2,Manufacturing,Chennai,Large,95364
29,Male,Master's,UI/UX Designer,1,Healthcare,Chennai,Medium,71725
48,Female,Bachelor's,Software Engineer,24,Retail,Bangalore,Small,161141
21,Female,High School,Data Analyst,0,Manufacturing,Mumbai,Small,45717
38,Female,PhD,Data Scientist,1,Finance,Bangalore,Medium,94410
53,Male,Master's,DevOps Engineer,5,Healthcare,Hyderabad,Small,93454
54,Female,Bachelor's,Data Scientist,20,Manufacturing,Chennai,Large,168938
26,Male,PhD,Data Analyst,1,Education,Pune,Medium,78388
25,Male,Master's,Accountant,0,Manufacturing,Delhi,Small,49903
57,Male,High School,Network Engineer,11,Finance,Mumbai,Small,98660
32,Male,High School,DevOps Engineer,6,IT,Delhi,Medium,99218
24,Male,Bachelor's,HR Manager,4,IT,Hyderabad,Medium,83048
58,Male,High School,Software Engineer,10,Education,Chennai,Large,110260
57,Female,Master's,Accountant,25,Manufacturing,Chennai,Large,182219
30,Male,PhD,Sales Executive,9,Retail,Pune,Large,120252
43,Male,Master's,Project Manager,4,Education,Hyderabad,Medium,90432
30,Male,Bachelor's,Project Manager,7,Retail,Hyderabad,Small,82081
37,Female,High School,Data Scientist,10,Healthcare,Pune,Large,120633
32,Female,PhD,Project Manager,1,Finance,Delhi,Medium,90694
54,Male,Bachelor's,Marketing Executive,24,Finance,Mumbai,Large,176645
38,Male,PhD,Software Engineer,17,Manufacturing,Mumbai,Medium,158138
56,Female,Master's,Project Manager,7,Retail,Pune,Small,91397
41,Male,PhD,UI/UX Designer,7,Healthcare,Mumbai,Small,100920
42,Female,PhD,Business Analyst,1,Healthcare,Delhi,Small,76399
49,Male,Master's,Marketing Executive,19,IT,Chennai,Medium,150874
57,Female,High School,Network Engineer,5,IT,Pune,Medium,79255
23,Male,Master's,DevOps Engineer,3,IT,Delhi,Large,104326
27,Male,High School,Business Analyst,1,Retail,Mumbai,Small,46831
42,Male,PhD,UI/UX Designer,9,Education,Hyderabad,Large,120255
22,Male,Master's,HR Manager,1,Healthcare,Chennai,Large,76402
21,Female,Bachelor's,Data Scientist,0,Education,Chennai,Large,72975
21,Male,PhD,DevOps Engineer,0,IT,Hyderabad,Medium,92525
34,Female,Bachelor's,Marketing Executive,13,Manufacturing,Delhi,Large,122711
60,Male,High School,Business Analyst,10,Healthcare,Hyderabad,Medium,104257
33,Female,Bachelor's,Business Analyst,13,Retail,Pune,Small,113164
44,Male,High School,HR Manager,20,Manufacturing,Hyderabad,Small,133433
39,Male,Bachelor's,Project Manager,19,Manufacturing,Hyderabad,Small,137549
38,Female,Bachelor's,Software Engineer,11,Finance,Mumbai,Small,102555
25,Female,Master's,UI/UX Designer,4,Retail,Hyderabad,Small,70855
55,Female,Master's,HR Manager,11,Healthcare,Delhi,Large,120900
23,Female,PhD,Data Analyst,2,IT,Hyderabad,Medium,95328
57,Male,High School,Sales Executive,0,Retail,Mumbai,Large,52207
55,Male,PhD,Business Analyst,12,Healthcare,Hyderabad,Large,145847
53,Female,Bachelor's,DevOps Engineer,8,Finance,Delhi,Small,100025
58,Female,Master's,HR Manager,22,IT,Hyderabad,Medium,171511
45,Male,Bachelor's,Marketing Executive,24,Healthcare,Hyderabad,Small,154700
21,Male,PhD,HR Manager,0,Education,Chennai,Medium,70408
32,Male,High School,Business Analyst,4,Retail,Chennai,Small,61060
57,Male,Bachelor's,HR Manager,22,Finance,Chennai,Medium,155142
21,Female,High School,UI/UX Designer,0,Education,Delhi,Small,41002
21,Male,Master's,HR Manager,1,IT,Bangalore,Small,67791
46,Female,Bachelor's,Data Scientist,14,Retail,Hyderabad,Medium,133479
42,Male,PhD,Marketing Executive,18,Retail,Bangalore,Small,144722
58,Male,PhD,Project Manager,24,Finance,Mumbai,Small,185936
47,Female,Bachelor's,Software Engineer,21,Manufacturing,Bangalore,Medium,155295
54,Male,High School,Project Manager,5,Education,Mumbai,Small,66517
49,Male,High School,Marketing Executive,3,Finance,Bangalore,Large,73464
33,Male,Bachelor's,Data Analyst,6,Manufacturing,Pune,Large,90106
43,Male,High School,Accountant,16,Retail,Mumbai,Large,129997
57,Male,PhD,Data Analyst,3,IT,Pune,Medium,99274
44,Female,High School,DevOps Engineer,10,Retail,Chennai,Large,117707
31,Male,High School,Sales Executive,11,Retail,Pune,Small,88065
36,Male,Bachelor's,Data Analyst,15,Retail,Mumbai,Large,135831
58,Male,Bachelor's,Accountant,15,Healthcare,Chennai,Medium,120072
53,Male,Bachelor's,DevOps Engineer,4,Education,Bangalore,Small,71910
56,Male,Master's,Accountant,6,Finance,Delhi,Small,82547
24,Male,High School,Project Manager,2,Healthcare,Mumbai,Medium,68157
54,Male,High School,Data Analyst,23,Education,Chennai,Large,157667
29,Female,Bachelor's,Software Engineer,0,Manufacturing,Bangalore,Small,49445
35,Male,Bachelor's,DevOps Engineer,4,Education,Mumbai,Medium,78691
36,Female,Bachelor's,Software Engineer,11,Finance,Pune,Small,106996
24,Male,Master's,Sales Executive,3,Finance,Hyderabad,Large,89143
59,Male,PhD,Business Analyst,7,Education,Chennai,Medium,109302
35,Male,High School,UI/UX Designer,4,IT,Delhi,Small,72811
25,Male,Master's,Sales Executive,3,Retail,Hyderabad,Small,60455
22,Female,Bachelor's,DevOps Engineer,1,Retail,Chennai,Small,62920
31,Male,High School,HR Manager,2,IT,Mumbai,Medium,70209
24,Female,PhD,Accountant,2,Healthcare,Mumbai,Medium,77664
45,Female,PhD,Data Scientist,7,IT,Pune,Large,137431
44,Male,Master's,Network Engineer,1,Healthcare,Chennai,Medium,72724
48,Male,Bachelor's,UI/UX Designer,12,Healthcare,Pune,Small,110298
47,Male,High School,Project Manager,11,Manufacturing,Pune,Medium,111932
33,Male,Bachelor's,Sales Executive,2,Finance,Mumbai,Small,58841
30,Female,Bachelor's,Sales Executive,4,Manufacturing,Bangalore,Large,85089
41,Male,Bachelor's,Data Analyst,8,Manufacturing,Pune,Large,106745
52,Male,High School,DevOps Engineer,19,Retail,Mumbai,Small,137597
26,Female,PhD,Project Manager,5,Finance,Bangalore,Large,118422
29,Female,PhD,Data Scientist,4,Healthcare,Delhi,Small,102710
36,Male,Bachelor's,Project Manager,7,Finance,Hyderabad,Large,107770
26,Male,Master's,UI/UX Designer,5,Retail,Mumbai,Medium,86625
38,Female,PhD,DevOps Engineer,11,Education,Delhi,Large,143681
42,Female,PhD,Network Engineer,14,Manufacturing,Delhi,Medium,135266
44,Female,PhD,Marketing Executive,7,Retail,Mumbai,Medium,99835
59,Male,PhD,Data Analyst,24,Education,Bangalore,Medium,175295
32,Male,Master's,Marketing Executive,5,IT,Pune,Large,103882
42,Female,Master's,Accountant,19,IT,Chennai,Small,151263
30,Female,Master's,Network Engineer,5,Education,Mumbai,Medium,81477
28,Female,High School,Business Analyst,3,Healthcare,Bangalore,Small,67142
28,Female,Bachelor's,Sales Executive,4,IT,Chennai,Small,74920
58,Female,Bachelor's,Data Scientist,6,Education,Hyderabad,Medium,94061
34,Female,High School,Business Analyst,11,Retail,Mumbai,Small,93202
27,Male,High School,Accountant,0,Manufacturing,Delhi,Large,62121
54,Female,Bachelor's,Data Scientist,11,IT,Hyderabad,Medium,124013
56,Female,Master's,Data Scientist,8,Finance,Chennai,Large,125887
48,Female,PhD,Project Manager,16,Healthcare,Delhi,Large,161796
28,Male,Bachelor's,UI/UX Designer,7,Finance,Delhi,Large,108167
47,Female,Master's,DevOps Engineer,25,Finance,Bangalore,Medium,193921
29,Male,PhD,Sales Executive,9,Manufacturing,Chennai,Medium,108694
50,Female,High School,Project Manager,0,IT,Delhi,Small,57498
49,Male,High School,Software Engineer,17,Healthcare,Chennai,Large,139095
22,Male,PhD,UI/UX Designer,0,Finance,Delhi,Small,72065
32,Male,PhD,UI/UX Designer,5,Finance,Hyderabad,Medium,107399
40,Male,High School,HR Manager,7,Education,Pune,Large,91599
31,Female,Bachelor's,Data Analyst,0,Finance,Mumbai,Large,72751
30,Male,PhD,Data Scientist,8,Manufacturing,Hyderabad,Large,137430
52,Female,Bachelor's,Marketing Executive,25,Finance,Delhi,Medium,167993
36,Male,Bachelor's,Data Scientist,4,Manufacturing,Delhi,Medium,86114
54,Male,Bachelor's,Software Engineer,19,Healthcare,Chennai,Medium,148300
35,Female,Bachelor's,Sales Executive,4,Education,Hyderabad,Large,73569
51,Male,High School,Software Engineer,12,Retail,Mumbai,Small,100374
59,Male,High School,Accountant,15,Finance,Bangalore,Medium,118116
21,Male,High School,Data Scientist,1,Education,Hyderabad,Medium,70646
56,Female,Bachelor's,DevOps Engineer,20,IT,Mumbai,Large,174294
55,Female,PhD,Business Analyst,8,Finance,Chennai,Medium,115146
30,Male,Bachelor's,DevOps Engineer,3,Finance,Bangalore,Small,74238
59,Male,Master's,Data Scientist,9,Healthcare,Pune,Large,127516
32,Female,Master's,Sales Executive,11,IT,Mumbai,Small,107958
44,Female,High School,Sales Executive,20,Finance,Delhi,Large,152008
25,Female,High School,Accountant,5,IT,Chennai,Medium,79018
27,Female,High School,Business Analyst,3,Manufacturing,Chennai,Small,57499
56,Female,Bachelor's,Software Engineer,10,Manufacturing,Hyderabad,Small,94859
46,Male,High School,Accountant,21,Healthcare,Delhi,Medium,149853
51,Female,Master's,Sales Executive,21,IT,Chennai,Large,175301
23,Male,Master's,Project Manager,2,Retail,Hyderabad,Small,72034
26,Female,Master's,Data Analyst,3,IT,Pune,Large,95905
48,Female,High School,Network Engineer,8,Manufacturing,Hyderabad,Large,102706
34,Male,Master's,Business Analyst,9,Retail,Mumbai,Medium,101486
51,Female,High School,Data Scientist,25,IT,Chennai,Small,175093
21,Male,PhD,Data Analyst,0,Finance,Delhi,Large,86452
40,Female,Bachelor's,Network Engineer,2,Finance,Delhi,Medium,73581
55,Female,PhD,Sales Executive,18,IT,Pune,Large,167532
25,Male,PhD,Business Analyst,1,Education,Bangalore,Small,67660
49,Female,PhD,UI/UX Designer,20,IT,Mumbai,Medium,176924
47,Female,Bachelor's,UI/UX Designer,11,Finance,Delhi,Large,120826
28,Female,PhD,Marketing Executive,1,Healthcare,Bangalore,Small,65476
35,Male,Bachelor's,Software Engineer,3,Finance,Hyderabad,Large,89266
22,Female,PhD,Sales Executive,1,Healthcare,Chennai,Large,86154
51,Female,High School,Software Engineer,0,Finance,Mumbai,Large,71482
40,Female,PhD,Business Analyst,9,Education,Chennai,Large,129217
49,Female,High School,Sales Executive,9,Finance,Mumbai,Medium,89053
37,Female,High School,Software Engineer,10,Education,Bangalore,Medium,95614
51,Female,High School,Network Engineer,6,Manufacturing,Mumbai,Medium,77055
50,Female,High School,Data Analyst,14,Manufacturing,Pune,Large,122250
57,Female,PhD,HR Manager,22,Healthcare,Bangalore,Small,169724
50,Male,High School,Data Scientist,23,Healthcare,Chennai,Small,166167
31,Male,PhD,UI/UX Designer,7,Finance,Mumbai,Medium,107783
41,Female,Master's,Accountant,19,Retail,Pune,Large,155946
43,Female,PhD,UI/UX Designer,9,Education,Bangalore,Medium,111788
39,Male,Master's,DevOps Engineer,7,Healthcare,Hyderabad,Medium,108980
57,Female,Bachelor's,Network Engineer,19,Finance,Delhi,Medium,151975
49,Male,Bachelor's,Network Engineer,9,Healthcare,Mumbai,Medium,103115
56,Female,Bachelor's,HR Manager,5,IT,Pune,Medium,82602
59,Female,PhD,DevOps Engineer,23,Finance,Pune,Large,199134
36,Male,High School,Software Engineer,5,Retail,Mumbai,Small,65339
28,Female,High School,Business Analyst,7,Healthcare,Chennai,Large,96657
39,Male,Master's,Marketing Executive,13,Education,Pune,Small,102110
36,Female,High School,Project Manager,0,Healthcare,Pune,Medium,63250
25,Female,Bachelor's,Network Engineer,1,IT,Hyderabad,Small,58247
29,Female,Bachelor's,DevOps Engineer,1,Education,Chennai,Medium,72163
59,Female,Bachelor's,Marketing Executive,12,Retail,Chennai,Large,109037
56,Female,High School,Network Engineer,13,Retail,Bangalore,Small,101406
56,Female,Bachelor's,Project Manager,9,Manufacturing,Chennai,Medium,104125
26,Male,Bachelor's,Accountant,0,Retail,Chennai,Small,43859
32,Male,PhD,Data Scientist,3,Manufacturing,Delhi,Small,91574
33,Male,PhD,Project Manager,4,Finance,Chennai,Medium,101765
22,Female,Bachelor's,UI/UX Designer,1,Education,Delhi,Large,72764
46,Male,High School,Software Engineer,25,Retail,Delhi,Medium,169823
38,Female,High School,Data Scientist,12,Manufacturing,Hyderabad,Large,131178
39,Male,PhD,Project Manager,2,Finance,Hyderabad,Medium,96218
24,Male,Bachelor's,Accountant,1,Healthcare,Hyderabad,Small,56660
60,Female,PhD,Sales Executive,8,Healthcare,Bangalore,Medium,105612
33,Male,Bachelor's,Accountant,3,Finance,Pune,Small,61733
22,Male,Master's,Sales Executive,0,Retail,Hyderabad,Small,45163
35,Female,Bachelor's,HR Manager,0,Healthcare,Mumbai,Medium,53109
28,Male,PhD,Marketing Executive,6,IT,Mumbai,Medium,106837
60,Male,Master's,Marketing Executive,19,Finance,Delhi,Small,141054
44,Female,High School,Data Analyst,6,Finance,Bangalore,Large,96989
31,Male,High School,HR Manager,3,Healthcare,Delhi,Small,54581
55,Male,PhD,Data Analyst,9,Retail,Delhi,Small,106941
31,Female,Bachelor's,Project Manager,2,IT,Chennai,Small,75776
37,Female,PhD,DevOps Engineer,17,IT,Mumbai,Large,178761
37,Male,High School,Network Engineer,13,Retail,Bangalore,Medium,109829
44,Female,Bachelor's,Accountant,20,Education,Bangalore,Large,148430
42,Male,High School,Data Scientist,16,Finance,Chennai,Large,156583
42,Male,PhD,Accountant,12,Healthcare,Delhi,Medium,126053
52,Male,Bachelor's,Business Analyst,7,Retail,Hyderabad,Small,78629
26,Male,High School,Data Analyst,0,Retail,Mumbai,Large,58861
43,Male,PhD,DevOps Engineer,22,Retail,Hyderabad,Large,193445
24,Male,Master's,DevOps Engineer,3,IT,Delhi,Small,88275
27,Male,Master's,Data Scientist,4,Retail,Chennai,Large,106093
27,Female,Bachelor's,Data Scientist,2,Education,Mumbai,Large,85092
35,Male,Bachelor's,Data Scientist,14,IT,Chennai,Medium,138364
28,Female,Bachelor's,Sales Executive,6,Manufacturing,Chennai,Large,94684
45,Male,Bachelor's,DevOps Engineer,6,Manufacturing,Hyderabad,Large,102315
39,Female,Master's,Business Analyst,9,IT,Chennai,Large,128832
59,Male,Master's,Software Engineer,18,Healthcare,Mumbai,Small,137169
44,Female,PhD,Accountant,19,Manufacturing,Chennai,Small,146604
49,Female,Master's,Network Engineer,15,Manufacturing,Bangalore,Medium,129927
31,Female,Master's,Sales Executive,9,Finance,Chennai,Small,100659
51,Male,Bachelor's,Data Scientist,10,Healthcare,Pune,Small,110854
26,Male,Master's,Accountant,3,IT,Bangalore,Large,87955
44,Male,Bachelor's,Data Scientist,18,Retail,Chennai,Small,141285
47,Female,High School,Data Scientist,6,Retail,Chennai,Medium,88810
48,Female,PhD,UI/UX Designer,7,Manufacturing,Bangalore,Large,114323
60,Female,Master's,UI/UX Designer,23,Finance,Hyderabad,Medium,169745
42,Female,Master's,Network Engineer,21,Retail,Hyderabad,Large,163090
33,Male,High School,HR Manager,3,Manufacturing,Pune,Small,54966
57,Male,Bachelor's,DevOps Engineer,17,Finance,Hyderabad,Large,156396
30,Male,Bachelor's,Data Analyst,1,Healthcare,Delhi,Medium,64602
55,Female,PhD,Accountant,4,Education,Pune,Medium,85881
21,Male,High School,Accountant,0,Healthcare,Chennai,Large,62380
40,Male,Bachelor's,UI/UX Designer,9,IT,Hyderabad,Medium,110839
53,Female,PhD,UI/UX Designer,15,Retail,Mumbai,Small,136032
41,Male,PhD,Project Manager,12,Education,Delhi,Medium,137761
48,Male,Bachelor's,HR Manager,23,Healthcare,Delhi,Small,149808
48,Male,Bachelor's,Data Scientist,25,IT,Bangalore,Small,182507
25,Male,Master's,Data Scientist,0,Retail,Chennai,Large,81847
39,Male,High School,Data Analyst,15,Education,Pune,Medium,118156
58,Male,Master's,Network Engineer,19,Manufacturing,Pune,Small,144916
33,Female,High School,Software Engineer,1,Finance,Mumbai,Medium,59843
31,Male,High School,Software Engineer,11,IT,Chennai,Small,108334
42,Male,PhD,HR Manager,6,IT,Hyderabad,Medium,107351
32,Male,Bachelor's,Accountant,4,Finance,Pune,Large,87820
56,Male,Bachelor's,Sales Executive,22,Retail,Bangalore,Large,155977
49,Male,PhD,Data Scientist,12,Education,Mumbai,Small,127905
56,Female,PhD,UI/UX Designer,6,Finance,Bangalore,Medium,103364
53,Female,High School,UI/UX Designer,10,Retail,Mumbai,Small,90452
27,Male,PhD,Accountant,3,Healthcare,Hyderabad,Small,76610
30,Male,Bachelor's,HR Manager,10,Finance,Delhi,Large,111624
55,Male,Bachelor's,Marketing Executive,16,Finance,Mumbai,Large,142656
51,Male,High School,Sales Executive,10,Education,Mumbai,Medium,85711
48,Male,Master's,Network Engineer,24,Finance,Hyderabad,Large,186364
36,Male,Bachelor's,Business Analyst,2,Retail,Mumbai,Medium,69547
53,Male,High School,Marketing Executive,22,Retail,Mumbai,Large,157864
40,Male,PhD,Data Scientist,11,Manufacturing,Delhi,Small,129902
45,Female,PhD,Accountant,11,Education,Bangalore,Large,131916
27,Male,Master's,Business Analyst,2,Finance,Chennai,Large,91626
41,Male,Master's,UI/UX Designer,7,Education,Delhi,Large,105780
40,Male,High School,Business Analyst,4,Healthcare,Delhi,Medium,76750
48,Female,Master's,Data Analyst,18,Education,Pune,Large,154936
22,Female,High School,Accountant,2,Retail,Mumbai,Medium,55176
56,Male,Master's,Sales Executive,11,Healthcare,Hyderabad,Large,126465
53,Female,High School,Sales Executive,9,Education,Bangalore,Medium,89003
42,Male,PhD,DevOps Engineer,6,Retail,Pune,Large,120239
39,Male,High School,Project Manager,18,Healthcare,Chennai,Small,138433
46,Female,Master's,Data Scientist,0,IT,Hyderabad,Small,74286
50,Male,PhD,Sales Executive,1,Healthcare,Pune,Large,81796
55,Male,Master's,Accountant,5,Healthcare,Chennai,Large,94128
21,Male,High School,Marketing Executive,0,Education,Chennai,Large,58748
51,Male,High School,Accountant,8,Healthcare,Mumbai,Small,76447
49,Male,Master's,Software Engineer,25,IT,Hyderabad,Small,180151
45,Male,PhD,Data Analyst,24,Retail,Pune,Medium,175283
43,Male,Master's,Data Analyst,12,Retail,Chennai,Large,128180
55,Female,Master's,Sales Executive,21,Education,Pune,Small,138819
28,Male,PhD,Data Scientist,8,Education,Delhi,Small,108851
34,Female,Master's,DevOps Engineer,6,IT,Hyderabad,Small,100843
40,Female,Bachelor's,Network Engineer,8,Retail,Hyderabad,Medium,90493
42,Female,PhD,Marketing Executive,13,Finance,Chennai,Small,121822
29,Female,Master's,Marketing Executive,1,Retail,Pune,Medium,58743
41,Male,Bachelor's,Data Scientist,13,Finance,Hyderabad,Large,143935
36,Female,Master's,Business Analyst,6,IT,Chennai,Medium,104870
45,Male,Master's,UI/UX Designer,9,Healthcare,Chennai,Large,122343
48,Female,Bachelor's,Data Analyst,10,Finance,Pune,Small,94100
52,Male,Bachelor's,Project Manager,2,Healthcare,Delhi,Medium,72665
31,Male,High School,Software Engineer,11,Manufacturing,Bangalore,Medium,102528
26,Male,High School,DevOps Engineer,6,Education,Bangalore,Large,98590
52,Male,PhD,Project Manager,5,Retail,Delhi,Large,113177
56,Female,Master's,Accountant,10,Healthcare,Bangalore,Small,97790
43,Female,Master's,Data Analyst,4,Education,Hyderabad,Large,92015
44,Male,High School,Business Analyst,19,IT,Hyderabad,Medium,152168
24,Female,Master's,Network Engineer,2,IT,Chennai,Medium,81034
38,Male,Bachelor's,Marketing Executive,15,Manufacturing,Bangalore,Medium,119375
49,Female,Master's,Data Analyst,16,Education,Hyderabad,Medium,137356
50,Female,Master's,Project Manager,6,Retail,Bangalore,Small,87790
52,Male,High School,HR Manager,16,Finance,Hyderabad,Large,138902
26,Male,High School,DevOps Engineer,6,Finance,Bangalore,Large,105997
23,Female,Bachelor's,Accountant,3,IT,Chennai,Small,71401
51,Female,High School,Project Manager,6,Retail,Mumbai,Small,73025
41,Female,High School,Business Analyst,5,Manufacturing,Chennai,Medium,75984
41,Male,PhD,Accountant,7,IT,Hyderabad,Large,121336
48,Female,PhD,HR Manager,21,Healthcare,Chennai,Medium,164935
51,Male,PhD,Data Scientist,14,Retail,Mumbai,Large,158085
35,Female,PhD,Data Scientist,6,Retail,Pune,Large,123161
48,Male,Master's,Software Engineer,8,Retail,Pune,Large,106605
28,Male,Master's,Business Analyst,0,Finance,Pune,Small,64576
31,Female,High School,Accountant,1,Retail,Mumbai,Large,61210
31,Female,Master's,Sales Executive,10,Healthcare,Delhi,Large,119500
58,Female,PhD,Data Scientist,11,Retail,Chennai,Medium,138855
43,Male,Bachelor's,Accountant,16,Manufacturing,Hyderabad,Large,133935
30,Male,PhD,DevOps Engineer,1,Retail,Mumbai,Large,93755
40,Female,Bachelor's,UI/UX Designer,16,Retail,Mumbai,Small,115235
42,Male,Master's,Project Manager,18,Healthcare,Hyderabad,Medium,156970
52,Male,Bachelor's,Accountant,24,Education,Pune,Small,148985
34,Female,High School,HR Manager,10,Retail,Pune,Medium,96787
28,Female,Bachelor's,Network Engineer,1,Education,Pune,Small,51014
57,Male,High School,DevOps Engineer,0,Retail,Delhi,Large,66726
49,Female,High School,Marketing Executive,14,Healthcare,Bangalore,Large,123929
58,Female,Bachelor's,Marketing Executive,6,IT,Delhi,Large,100267
55,Female,High School,DevOps Engineer,24,Education,Delhi,Small,157197
29,Male,High School,DevOps Engineer,6,Manufacturing,Hyderabad,Small,85576
26,Female,Bachelor's,Accountant,0,Finance,Pune,Medium,56202
41,Male,High School,HR Manager,11,Manufacturing,Mumbai,Small,95201
41,Female,High School,Accountant,17,Manufacturing,Hyderabad,Small,117869
24,Female,Master's,HR Manager,1,Manufacturing,Mumbai,Small,54641
42,Female,PhD,HR Manager,22,Education,Mumbai,Small,156292
34,Male,Master's,Accountant,11,Manufacturing,Pune,Medium,108924
43,Female,High School,DevOps Engineer,7,IT,Delhi,Medium,103548
26,Female,Master's,Business Analyst,2,Manufacturing,Bangalore,Small,69321
45,Male,PhD,Network Engineer,7,Finance,Chennai,Medium,107159
45,Male,Bachelor's,Sales Executive,9,Manufacturing,Pune,Small,88824
36,Female,PhD,Data Scientist,15,Education,Hyderabad,Small,144696
47,Male,Master's,HR Manager,0,Healthcare,Bangalore,Large,75188
37,Male,High School,DevOps Engineer,8,Manufacturing,Mumbai,Small,86717
60,Female,PhD,Marketing Executive,22,Manufacturing,Bangalore,Medium,169710
37,Male,Master's,Data Analyst,1,IT,Bangalore,Large,83717
52,Male,High School,Project Manager,6,Finance,Mumbai,Medium,93917
29,Female,High School,Project Manager,8,Manufacturing,Chennai,Large,108426
28,Female,Bachelor's,Network Engineer,8,Healthcare,Bangalore,Small,91422
23,Male,PhD,Sales Executive,3,Healthcare,Delhi,Large,99833
32,Female,Master's,Network Engineer,2,Retail,Mumbai,Medium,71744
28,Female,Master's,Accountant,3,Manufacturing,Mumbai,Small,63519
50,Male,Bachelor's,Software Engineer,8,Manufacturing,Mumbai,Large,102731
45,Male,High School,HR Manager,8,Healthcare,Bangalore,Large,101310
52,Male,PhD,Business Analyst,6,Manufacturing,Delhi,Medium,102834
34,Male,Master's,Business Analyst,6,Education,Hyderabad,Medium,89810
21,Female,High School,Marketing Executive,0,Finance,Pune,Large,57379
32,Male,Bachelor's,Sales Executive,8,Finance,Chennai,Medium,89647
37,Female,Bachelor's,HR Manager,2,IT,Pune,Small,66376
50,Male,High School,Project Manager,4,Healthcare,Hyderabad,Small,75105
58,Female,Master's,Data Analyst,22,Retail,Bangalore,Small,154082
36,Female,High School,Network Engineer,2,Education,Delhi,Large,64618
30,Female,Master's,Accountant,2,Education,Hyderabad,Large,74474
45,Male,PhD,HR Manager,8,Finance,Bangalore,Medium,116126
40,Male,Bachelor's,Project Manager,4,IT,Chennai,Large,98824
47,Male,High School,Accountant,3,Retail,Hyderabad,Small,52504
45,Male,PhD,Data Analyst,16,Manufacturing,Mumbai,Small,140780
21,Male,PhD,Business Analyst,0,Manufacturing,Delhi,Small,66481
23,Male,Master's,HR Manager,0,Education,Mumbai,Large,65148
57,Male,Bachelor's,Sales Executive,11,Retail,Pune,Small,93053
50,Male,Master's,Software Engineer,15,IT,Hyderabad,Medium,139737
42,Female,High School,Software Engineer,18,Education,Bangalore,Large,139465
33,Male,High School,UI/UX Designer,12,Education,Bangalore,Small,92788
34,Female,PhD,Network Engineer,8,IT,Delhi,Large,124238
45,Female,Bachelor's,Data Scientist,15,IT,Hyderabad,Medium,145076
47,Male,High School,Business Analyst,25,IT,Pune,Small,170265
21,Male,Master's,Project Manager,1,Finance,Mumbai,Small,72195
40,Female,Bachelor's,Data Scientist,9,Healthcare,Bangalore,Small,99752
30,Male,Bachelor's,HR Manager,5,Retail,Chennai,Small,62778
58,Female,Master's,DevOps Engineer,8,Education,Mumbai,Small,94370
34,Female,Bachelor's,Sales Executive,10,Manufacturing,Delhi,Medium,94546
35,Female,PhD,Sales Executive,4,IT,Delhi,Medium,100129
22,Female,Bachelor's,Project Manager,2,Healthcare,Delhi,Medium,72834
45,Male,Bachelor's,Data Analyst,1,IT,Pune,Large,79737
55,Female,High School,Data Scientist,18,Education,Pune,Medium,147939
55,Female,Master's,Business Analyst,13,Retail,Mumbai,Large,130579
34,Female,PhD,Software Engineer,7,IT,Pune,Large,126611
50,Male,High School,Accountant,8,Manufacturing,Bangalore,Medium,89249
28,Male,PhD,Project Manager,0,Retail,Pune,Small,74162
40,Male,High School,Sales Executive,1,Retail,Delhi,Large,61939
59,Female,Bachelor's,HR Manager,23,Healthcare,Bangalore,Medium,163853
48,Male,PhD,Software Engineer,8,Retail,Bangalore,Small,107405
54,Male,Master's,Project Manager,13,Education,Bangalore,Small,117255
25,Male,Bachelor's,DevOps Engineer,1,Manufacturing,Mumbai,Large,76738
43,Male,High School,HR Manager,10,Finance,Hyderabad,Small,87297
56,Female,PhD,HR Manager,16,Healthcare,Delhi,Large,158429
36,Male,High School,Software Engineer,3,Retail,Pune,Large,73487
37,Female,PhD,Software Engineer,3,IT,Pune,Small,94801
30,Female,Bachelor's,UI/UX Designer,3,Education,Bangalore,Medium,64232
45,Female,Master's,Project Manager,0,Retail,Hyderabad,Large,82864
37,Female,Bachelor's,Software Engineer,12,IT,Hyderabad,Large,130590
36,Male,High School,Data Analyst,13,Manufacturing,Bangalore,Medium,107074
54,Female,Master's,Data Analyst,2,Manufacturing,Pune,Large,82245
42,Male,Bachelor's,Network Engineer,16,Healthcare,Bangalore,Small,122256
21,Female,Master's,HR Manager,0,Healthcare,Bangalore,Medium,65735
22,Female,Master's,Sales Executive,1,Retail,Pune,Large,72142
58,Male,Master's,Sales Executive,22,Education,Mumbai,Small,144564
24,Male,Bachelor's,Project Manager,4,Manufacturing,Delhi,Small,78832
26,Female,Bachelor's,Data Scientist,5,Manufacturing,Bangalore,Large,107272
39,Female,Bachelor's,Sales Executive,0,Finance,Hyderabad,Large,71205
25,Male,Master's,DevOps Engineer,3,Healthcare,Bangalore,Medium,90373
33,Male,Master's,Data Scientist,6,Finance,Chennai,Medium,104137
39,Female,Bachelor's,Network Engineer,2,IT,Pune,Small,62756
56,Female,PhD,Data Analyst,3,Manufacturing,Bangalore,Large,98168
57,Male,Master's,UI/UX Designer,0,Education,Hyderabad,Small,56612
59,Male,Bachelor's,Software Engineer,5,Healthcare,Mumbai,Medium,80381
26,Male,Bachelor's,Accountant,1,Finance,Mumbai,Small,51970
32,Male,Bachelor's,Network Engineer,3,Manufacturing,Delhi,Medium,71248
26,Female,High School,UI/UX Designer,1,Healthcare,Pune,Large,64688
52,Female,PhD,Sales Executive,23,Healthcare,Bangalore,Large,185612
45,Female,High School,Project Manager,23,Manufacturing,Bangalore,Small,157364
35,Female,PhD,Software Engineer,9,IT,Pune,Small,116376
21,Female,PhD,DevOps Engineer,1,Manufacturing,Delhi,Small,83557
30,Female,Bachelor's,Marketing Executive,4,Retail,Mumbai,Small,61714
55,Male,Bachelor's,Marketing Executive,5,IT,Delhi,Large,95017
32,Female,PhD,Software Engineer,6,Retail,Mumbai,Medium,102752
46,Female,Bachelor's,Project Manager,4,IT,Pune,Medium,94942
49,Male,Master's,Network Engineer,16,Healthcare,Mumbai,Medium,135615
58,Male,Bachelor's,Marketing Executive,1,IT,Hyderabad,Medium,67860
40,Female,PhD,Project Manager,16,Finance,Bangalore,Small,150454
34,Female,High School,Project Manager,4,Manufacturing,Mumbai,Large,91973
30,Female,Bachelor's,Data Analyst,1,Healthcare,Delhi,Medium,68405
43,Female,Master's,Project Manager,5,Retail,Bangalore,Small,84028
39,Female,High School,Data Analyst,2,Manufacturing,Delhi,Large,69204
55,Male,High School,Accountant,17,Finance,Mumbai,Small,124529
35,Male,Bachelor's,Marketing Executive,9,Manufacturing,Pune,Medium,88561
54,Female,Master's,Network Engineer,16,Education,Pune,Small,126638
37,Male,Master's,Data Analyst,0,IT,Hyderabad,Small,61637
44,Male,Bachelor's,UI/UX Designer,9,Manufacturing,Chennai,Small,89549
22,Female,PhD,Software Engineer,0,Healthcare,Pune,Large,84068
36,Female,Bachelor's,Data Analyst,15,Manufacturing,Delhi,Large,130366
24,Female,Bachelor's,Software Engineer,1,Manufacturing,Bangalore,Small,60523
58,Male,High School,Data Analyst,19,IT,Chennai,Small,135938
40,Male,High School,HR Manager,15,IT,Delhi,Medium,130161
50,Female,PhD,Software Engineer,24,Manufacturing,Hyderabad,Large,192549
43,Female,High School,DevOps Engineer,21,Retail,Chennai,Small,149145
54,Male,Master's,Software Engineer,10,Manufacturing,Hyderabad,Small,106168
42,Male,Master's,Accountant,7,Finance,Delhi,Small,92242
31,Male,PhD,Accountant,8,Manufacturing,Hyderabad,Medium,109667
59,Female,High School,DevOps Engineer,24,Finance,Mumbai,Small,163733
48,Male,High School,Network Engineer,0,Education,Bangalore,Small,45760
58,Male,PhD,Project Manager,20,Education,Mumbai,Small,163948
42,Male,High School,Business Analyst,7,Education,Pune,Small,73482
39,Female,High School,UI/UX Designer,17,Manufacturing,Delhi,Large,140265
50,Female,High School,Software Engineer,16,Finance,Delhi,Medium,130181
29,Male,PhD,Data Scientist,3,Finance,Hyderabad,Medium,106798
59,Female,PhD,Accountant,21,Healthcare,Mumbai,Medium,170235
22,Female,PhD,UI/UX Designer,1,Manufacturing,Chennai,Small,68439
36,Male,Bachelor's,Data Analyst,11,Healthcare,Hyderabad,Large,120161
40,Male,PhD,Data Analyst,4,IT,Mumbai,Small,90237
44,Male,Master's,Data Scientist,1,Healthcare,Bangalore,Large,97317
35,Male,Master's,Accountant,4,Healthcare,Pune,Small,68386
21,Male,High School,DevOps Engineer,1,Education,Pune,Small,55683
35,Female,Bachelor's,Data Analyst,1,Healthcare,Hyderabad,Medium,64475
56,Female,Master's,Sales Executive,12,Manufacturing,Bangalore,Small,104812
40,Male,High School,Data Analyst,17,IT,Chennai,Small,128024
52,Female,Master's,Data Scientist,13,Education,Pune,Large,139503
41,Male,Bachelor's,Accountant,15,Healthcare,Chennai,Large,130741
55,Male,High School,Business Analyst,24,Education,Chennai,Small,150837
58,Female,PhD,Accountant,11,IT,Chennai,Medium,126035
45,Male,High School,UI/UX Designer,20,Retail,Mumbai,Small,134280
22,Female,Master's,Project Manager,0,Education,Delhi,Medium,70927
50,Male,Bachelor's,Software Engineer,14,Healthcare,Hyderabad,Medium,120447
50,Female,High School,Accountant,6,Education,Hyderabad,Medium,72318
51,Male,Bachelor's,Business Analyst,17,Manufacturing,Delhi,Small,125100
52,Female,Master's,HR Manager,10,Retail,Hyderabad,Small,96857
25,Female,Master's,DevOps Engineer,2,Education,Delhi,Small,67816
31,Female,Bachelor's,Marketing Executive,9,Healthcare,Mumbai,Large,101916
49,Female,Master's,Software Engineer,5,Education,Mumbai,Medium,83729
21,Male,PhD,UI/UX Designer,1,Finance,Bangalore,Medium,82883
42,Female,PhD,Business Analyst,6,Education,Delhi,Small,97891
29,Male,PhD,DevOps Engineer,3,Retail,Mumbai,Large,107159
22,Male,PhD,Network Engineer,1,Manufacturing,Bangalore,Small,70982
44,Male,Bachelor's,Project Manager,24,IT,Chennai,Small,175770
33,Female,PhD,DevOps Engineer,9,IT,Chennai,Large,144529
37,Female,Master's,HR Manager,0,Manufacturing,Delhi,Large,73741
49,Female,PhD,Accountant,1,Retail,Mumbai,Medium,74140
37,Male,PhD,Data Analyst,5,Retail,Delhi,Small,90133
37,Male,Bachelor's,Business Analyst,4,Finance,Mumbai,Large,95461
34,Male,High School,DevOps Engineer,2,Finance,Bangalore,Large,88899
27,Female,High School,Business Analyst,1,Healthcare,Delhi,Medium,66440
28,Male,High School,Sales Executive,7,Finance,Hyderabad,Medium,88399
44,Male,Master's,Project Manager,3,Retail,Mumbai,Large,89030
44,Male,High School,Sales Executive,5,Retail,Hyderabad,Small,58566
22,Female,PhD,Network Engineer,0,Retail,Hyderabad,Small,62020
46,Male,PhD,Data Analyst,8,IT,Mumbai,Large,124170
49,Female,High School,HR Manager,14,IT,Mumbai,Small,108644
42,Male,High School,Software Engineer,21,Healthcare,Pune,Small,141526
47,Male,Bachelor's,Project Manager,14,Healthcare,Mumbai,Large,136853
49,Male,Master's,Business Analyst,5,Education,Bangalore,Large,100346
35,Female,PhD,Marketing Executive,1,Healthcare,Hyderabad,Small,71511
41,Female,Bachelor's,DevOps Engineer,3,Retail,Bangalore,Small,68088
52,Male,High School,Data Scientist,5,Retail,Hyderabad,Medium,86202
24,Female,PhD,Software Engineer,2,Finance,Mumbai,Large,103414
46,Female,Master's,Data Scientist,20,Education,Bangalore,Large,174831
34,Female,PhD,Project Manager,9,Retail,Delhi,Large,125883
49,Male,High School,Accountant,23,Retail,Mumbai,Medium,152359
52,Male,PhD,Software Engineer,11,Finance,Hyderabad,Large,138192
57,Female,High School,Data Scientist,5,Finance,Hyderabad,Medium,91402
60,Male,Master's,Project Manager,1,Retail,Pune,Small,64340
31,Male,Bachelor's,HR Manager,5,Finance,Bangalore,Small,73508
43,Female,High School,Data Scientist,2,Healthcare,Delhi,Medium,71972
28,Male,Master's,Project Manager,3,Healthcare,Delhi,Large,96203
46,Male,Master's,DevOps Engineer,18,Finance,Pune,Small,150157
31,Male,Bachelor's,Sales Executive,4,Finance,Pune,Medium,71118
55,Male,Master's,Network Engineer,0,Manufacturing,Delhi,Large,71006
29,Female,Master's,Data Analyst,4,Finance,Pune,Small,79461
59,Male,Master's,Network Engineer,12,Retail,Pune,Small,104931
30,Female,PhD,Sales Executive,3,Finance,Hyderabad,Medium,88562
58,Male,Master's,Data Scientist,11,IT,Hyderabad,Medium,139253
38,Male,Bachelor's,Business Analyst,2,Healthcare,Pune,Small,60962
46,Female,High School,DevOps Engineer,14,Finance,Hyderabad,Medium,128803
46,Female,PhD,Project Manager,4,Education,Chennai,Small,88126
45,Male,Bachelor's,DevOps Engineer,3,IT,Pune,Medium,90849
35,Female,High School,Network Engineer,0,Retail,Bangalore,Large,60167
29,Male,High School,HR Manager,4,Finance,Delhi,Small,65797
35,Male,Master's,Software Engineer,10,Healthcare,Hyderabad,Medium,111286
27,Female,Master's,HR Manager,1,Manufacturing,Hyderabad,Large,79448
58,Female,Bachelor's,Project Manager,14,Education,Pune,Small,116117
29,Female,High School,Accountant,2,Retail,Bangalore,Large,66264
55,Female,High School,Network Engineer,25,Finance,Delhi,Small,165392
51,Male,High School,Sales Executive,15,Education,Delhi,Medium,110923
36,Male,PhD,Marketing Executive,5,IT,Chennai,Large,107218
42,Female,Master's,Sales Executive,14,Healthcare,Hyderabad,Large,138248
43,Female,Bachelor's,DevOps Engineer,23,Retail,Bangalore,Medium,171328
29,Female,Bachelor's,Software Engineer,6,Manufacturing,Pune,Medium,89901
29,Female,Bachelor's,Marketing Executive,9,Healthcare,Bangalore,Large,105615
26,Male,PhD,Data Scientist,6,Retail,Bangalore,Small,104740
21,Female,Bachelor's,Marketing Executive,0,Manufacturing,Delhi,Large,59752
40,Female,Bachelor's,Accountant,14,Education,Bangalore,Large,121953
21,Female,Bachelor's,Data Scientist,0,Finance,Chennai,Small,71334
57,Female,High School,Software Engineer,5,Retail,Delhi,Large,86962
31,Male,PhD,Software Engineer,11,Finance,Mumbai,Medium,130797
42,Female,Master's,Sales Executive,1,Finance,Bangalore,Small,61170
23,Male,Bachelor's,Network Engineer,0,IT,Hyderabad,Large,79419
35,Male,Master's,HR Manager,7,Retail,Pune,Small,81126
40,Male,High School,Data Analyst,14,Retail,Bangalore,Medium,108766
47,Female,Bachelor's,Business Analyst,0,Education,Delhi,Small,50553
38,Female,High School,UI/UX Designer,12,Manufacturing,Mumbai,Small,101142
29,Female,Master's,HR Manager,6,Manufacturing,Pune,Large,94169
21,Female,Bachelor's,Business Analyst,1,Finance,Bangalore,Medium,65976
49,Male,Bachelor's,HR Manager,13,Manufacturing,Hyderabad,Small,107223
28,Female,Master's,Project Manager,0,Manufacturing,Hyderabad,Medium,69248
33,Male,High School,Sales Executive,11,Healthcare,Chennai,Medium,97721
50,Female,PhD,Business Analyst,5,Manufacturing,Mumbai,Large,112308
47,Female,High School,Sales Executive,24,Manufacturing,Bangalore,Medium,153950
60,Female,Master's,Sales Executive,1,IT,Mumbai,Medium,69139
53,Male,PhD,Software Engineer,17,IT,Mumbai,Large,169325
40,Female,High School,Data Scientist,5,Healthcare,Pune,Small,81540
38,Female,High School,Business Analyst,8,Finance,Bangalore,Medium,98018
42,Male,PhD,Network Engineer,6,Healthcare,Mumbai,Large,110711
43,Female,Master's,DevOps Engineer,9,Finance,Mumbai,Small,115665
57,Female,Master's,DevOps Engineer,1,Education,Bangalore,Small,66861
25,Female,High School,Software Engineer,5,Retail,Chennai,Small,67627
51,Female,Master's,Data Scientist,23,IT,Mumbai,Large,197341
41,Male,High School,Software Engineer,18,Retail,Bangalore,Medium,133290
48,Male,Master's,Business Analyst,1,Manufacturing,Delhi,Medium,71310
35,Female,Master's,Project Manager,14,Finance,Mumbai,Small,133146
26,Female,PhD,UI/UX Designer,4,Healthcare,Mumbai,Medium,97657
29,Female,Bachelor's,Sales Executive,6,Retail,Hyderabad,Medium,74427
54,Male,High School,Software Engineer,11,Finance,Mumbai,Medium,113951
28,Female,Master's,Marketing Executive,0,IT,Delhi,Medium,62334
39,Male,Master's,Sales Executive,7,Education,Hyderabad,Medium,87233
36,Male,Master's,Sales Executive,14,Retail,Pune,Small,108443
46,Female,PhD,UI/UX Designer,15,Finance,Hyderabad,Medium,144470
56,Female,Bachelor's,DevOps Engineer,4,Finance,Mumbai,Medium,94414
38,Female,High School,Accountant,2,Education,Pune,Large,65391
34,Female,Master's,UI/UX Designer,8,Retail,Hyderabad,Medium,97362
57,Female,Bachelor's,Project Manager,13,Manufacturing,Bangalore,Large,135050
22,Female,Master's,UI/UX Designer,2,Healthcare,Hyderabad,Large,90355
29,Female,High School,DevOps Engineer,2,Education,Hyderabad,Medium,64273
55,Male,PhD,Software Engineer,12,Education,Mumbai,Small,116002
25,Male,Bachelor's,Network Engineer,3,Manufacturing,Hyderabad,Medium,75006
58,Female,High School,UI/UX Designer,5,Retail,Pune,Small,62466
56,Female,PhD,DevOps Engineer,4,Healthcare,Bangalore,Small,92481
50,Female,High School,Accountant,23,Education,Chennai,Large,157311
46,Male,Master's,Data Scientist,18,IT,Bangalore,Large,172427
36,Male,Master's,UI/UX Designer,10,Manufacturing,Pune,Large,116850
39,Male,PhD,Business Analyst,11,IT,Mumbai,Large,140540
60,Male,PhD,HR Manager,10,IT,Chennai,Medium,124449
35,Male,Bachelor's,Software Engineer,8,Manufacturing,Bangalore,Large,108633
55,Female,PhD,Business Analyst,3,Retail,Hyderabad,Medium,87941
35,Male,Master's,UI/UX Designer,3,Retail,Pune,Small,69719
37,Male,High School,Marketing Executive,4,IT,Bangalore,Medium,69874
51,Female,Bachelor's,Sales Executive,1,Manufacturing,Chennai,Small,45285
34,Male,High School,Accountant,0,Manufacturing,Hyderabad,Medium,50588
30,Female,Bachelor's,Network Engineer,8,Education,Pune,Small,81901
54,Female,High School,UI/UX Designer,10,IT,Mumbai,Small,102256
32,Female,PhD,UI/UX Designer,10,Healthcare,Hyderabad,Small,117844
21,Male,High School,DevOps Engineer,1,Retail,Mumbai,Small,59237
46,Male,Bachelor's,Software Engineer,12,Retail,Hyderabad,Large,117274
36,Male,PhD,Software Engineer,3,Manufacturing,Bangalore,Medium,89834
38,Male,Bachelor's,Marketing Executive,8,Retail,Mumbai,Large,95146
42,Female,PhD,Software Engineer,16,IT,Bangalore,Small,146336
40,Male,Master's,HR Manager,5,Education,Pune,Small,71059
35,Female,Master's,HR Manager,14,IT,Bangalore,Large,147336
49,Female,High School,HR Manager,12,Retail,Mumbai,Large,107012
29,Female,Bachelor's,Sales Executive,4,Healthcare,Bangalore,Large,78688
43,Male,Bachelor's,DevOps Engineer,11,Education,Chennai,Large,127229
49,Female,Master's,Project Manager,25,Manufacturing,Hyderabad,Small,175956
53,Female,Bachelor's,Data Analyst,17,Healthcare,Delhi,Large,148665
36,Male,Master's,Project Manager,16,Manufacturing,Mumbai,Medium,142237
29,Female,PhD,Software Engineer,3,Education,Mumbai,Medium,87148
58,Female,Bachelor's,Marketing Executive,2,Retail,Chennai,Large,66853
29,Male,Master's,Data Scientist,0,Retail,Pune,Medium,72716
47,Male,Bachelor's,Software Engineer,18,Education,Mumbai,Medium,140433
57,Male,PhD,Data Scientist,18,Finance,Chennai,Medium,177633
59,Female,Bachelor's,HR Manager,25,Healthcare,Pune,Large,181050
56,Male,PhD,DevOps Engineer,16,Education,Mumbai,Large,164097
48,Male,Master's,Data Analyst,0,Finance,Chennai,Large,74800
54,Male,Master's,Network Engineer,25,Finance,Hyderabad,Medium,186381
54,Female,Bachelor's,Network Engineer,23,IT,Bangalore,Small,155661
22,Female,High School,Project Manager,0,Healthcare,Hyderabad,Large,73535
30,Male,High School,Project Manager,9,Manufacturing,Delhi,Large,106053
39,Male,High School,HR Manager,18,Healthcare,Hyderabad,Small,128463
57,Male,Master's,Data Scientist,15,Manufacturing,Pune,Medium,140043
58,Female,PhD,UI/UX Designer,19,Healthcare,Delhi,Medium,160117
29,Male,High School,Marketing Executive,4,Retail,Delhi,Large,68911
54,Female,Bachelor's,Marketing Executive,5,Finance,Hyderabad,Large,91489
48,Female,High School,Network Engineer,19,Healthcare,Pune,Large,146549
57,Male,High School,UI/UX Designer,24,Healthcare,Mumbai,Large,168070
26,Female,Master's,HR Manager,3,Manufacturing,Hyderabad,Medium,77201
27,Female,Master's,Business Analyst,6,Finance,Delhi,Large,104110
40,Male,Master's,Business Analyst,7,Healthcare,Hyderabad,Large,110709
35,Female,Bachelor's,Business Analyst,2,Manufacturing,Pune,Medium,65588
21,Male,PhD,Business Analyst,0,Education,Bangalore,Large,80200
52,Male,High School,HR Manager,11,Education,Hyderabad,Large,102237
30,Male,High School,Network Engineer,5,Finance,Pune,Medium,77940
50,Female,Bachelor's,Project Manager,1,Manufacturing,Bangalore,Medium,69006
49,Female,High School,Project Manager,9,Education,Mumbai,Small,93257
47,Female,Bachelor's,Marketing Executive,4,IT,Hyderabad,Large,89775
41,Female,High School,Business Analyst,2,Manufacturing,Hyderabad,Large,70471
51,Female,Bachelor's,UI/UX Designer,22,Finance,Pune,Large,168285
38,Male,PhD,HR Manager,11,Healthcare,Hyderabad,Large,137647
43,Male,High School,Marketing Executive,16,Healthcare,Pune,Large,127563
41,Female,Master's,Project Manager,14,Manufacturing,Pune,Medium,134077
59,Female,High School,Sales Executive,21,IT,Delhi,Medium,145544
24,Female,High School,Network Engineer,2,Finance,Hyderabad,Large,76225
40,Male,Master's,Software Engineer,3,Finance,Pune,Large,93419
26,Female,High School,UI/UX Designer,6,Finance,Pune,Medium,82626
23,Female,Master's,Accountant,1,Retail,Mumbai,Large,68844
49,Female,High School,Data Scientist,17,Education,Chennai,Small,126983
45,Male,PhD,DevOps Engineer,9,Retail,Bangalore,Small,115112
47,Female,Bachelor's,Software Engineer,4,Finance,Pune,Medium,82319
22,Female,High School,Sales Executive,2,Education,Hyderabad,Large,59697
59,Male,High School,UI/UX Designer,5,Manufacturing,Hyderabad,Large,89361
39,Female,High School,Data Analyst,7,Finance,Delhi,Small,81702
27,Male,Master's,Accountant,1,Healthcare,Pune,Medium,68118
31,Female,Bachelor's,Data Scientist,6,Manufacturing,Hyderabad,Small,84529
39,Female,Bachelor's,Data Scientist,14,IT,Chennai,Small,128114
51,Female,Master's,Marketing Executive,15,Manufacturing,Chennai,Medium,122429
55,Male,Bachelor's,UI/UX Designer,21,Finance,Hyderabad,Medium,157239
45,Male,High School,Network Engineer,23,Retail,Chennai,Large,167946
38,Male,PhD,Sales Executive,13,Education,Bangalore,Medium,124566
41,Male,PhD,Software Engineer,18,Healthcare,Bangalore,Small,153297
25,Female,Master's,Software Engineer,5,Finance,Chennai,Medium,89597
34,Male,PhD,Accountant,14,Education,Hyderabad,Medium,132444
36,Female,PhD,Sales Executive,1,Finance,Mumbai,Small,67221
29,Male,High School,UI/UX Designer,8,Manufacturing,Mumbai,Medium,92929
58,Male,High School,HR Manager,3,Retail,Hyderabad,Large,69201
24,Female,High School,Data Scientist,1,Healthcare,Bangalore,Small,64053
31,Female,Bachelor's,Business Analyst,11,Healthcare,Pune,Medium,110289
28,Female,PhD,Software Engineer,2,IT,Pune,Large,99704
29,Female,Master's,Business Analyst,7,Healthcare,Delhi,Medium,99978
58,Female,High School,Marketing Executive,4,Healthcare,Delhi,Large,76674
42,Male,High School,Data Analyst,7,Retail,Hyderabad,Large,95478
59,Female,Master's,UI/UX Designer,12,Healthcare,Pune,Small,112636
42,Female,PhD,Data Scientist,12,Finance,Pune,Large,153447
28,Female,PhD,Software Engineer,7,Healthcare,Delhi,Medium,105697
36,Female,High School,Sales Executive,13,Finance,Chennai,Large,116999
49,Female,Master's,Business Analyst,0,Manufacturing,Bangalore,Medium,62262
29,Male,Master's,Data Analyst,3,Healthcare,Pune,Medium,75663
44,Male,High School,Data Analyst,6,Education,Bangalore,Large,87933
52,Female,High School,Marketing Executive,25,Education,Hyderabad,Medium,160872
24,Male,Bachelor's,Data Scientist,2,Healthcare,Chennai,Small,72018
58,Female,Master's,Business Analyst,10,Retail,Chennai,Small,101328
44,Male,High School,UI/UX Designer,6,Healthcare,Delhi,Medium,82231
50,Female,High School,UI/UX Designer,3,Retail,Delhi,Large,76622
40,Male,Bachelor's,Sales Executive,12,Healthcare,Mumbai,Small,99191
41,Female,PhD,Project Manager,19,Manufacturing,Delhi,Large,178987
56,Male,Master's,UI/UX Designer,0,Education,Hyderabad,Small,56835
51,Male,High School,Accountant,25,Healthcare,Bangalore,Small,159735
32,Male,High School,Network Engineer,2,Healthcare,Mumbai,Medium,61555
33,Female,Bachelor's,DevOps Engineer,13,Manufacturing,Pune,Large,133984
29,Male,PhD,Project Manager,3,Healthcare,Hyderabad,Small,89778
36,Male,PhD,Business Analyst,5,Education,Pune,Large,105731
31,Male,PhD,HR Manager,7,Retail,Delhi,Small,97264
42,Male,Bachelor's,Software Engineer,20,Finance,Bangalore,Large,160355
57,Male,Master's,DevOps Engineer,3,IT,Hyderabad,Medium,94234
32,Female,Master's,Project Manager,8,Finance,Bangalore,Medium,109156
59,Female,Bachelor's,Network Engineer,18,IT,Delhi,Medium,146260
26,Male,Master's,DevOps Engineer,2,Healthcare,Bangalore,Medium,87250
41,Male,High School,HR Manager,13,Retail,Bangalore,Small,93561
46,Male,Master's,HR Manager,25,Finance,Delhi,Small,173586
30,Male,PhD,Business Analyst,2,Education,Mumbai,Small,71235
47,Female,High School,Sales Executive,23,Education,Chennai,Large,153963
49,Female,Bachelor's,Accountant,0,Healthcare,Hyderabad,Small,43566
42,Male,Master's,Data Scientist,19,Retail,Pune,Medium,160213
26,Male,High School,UI/UX Designer,5,Education,Delhi,Medium,69667
52,Female,High School,UI/UX Designer,8,Manufacturing,Mumbai,Medium,92295
31,Male,PhD,Sales Executive,6,Finance,Chennai,Large,114040
31,Female,High School,HR Manager,0,Manufacturing,Mumbai,Small,43611
37,Female,High School,Project Manager,13,Retail,Mumbai,Medium,121248
52,Female,Bachelor's,Data Analyst,20,Retail,Bangalore,Large,159409
55,Female,Master's,Network Engineer,22,IT,Chennai,Large,176563
58,Male,Master's,Marketing Executive,23,IT,Chennai,Large,177841
47,Male,PhD,Project Manager,24,Finance,Bangalore,Small,191674
37,Male,High School,Data Scientist,12,IT,Bangalore,Large,133709
42,Male,Master's,Accountant,19,Healthcare,Bangalore,Medium,143566
25,Male,PhD,Sales Executive,1,Manufacturing,Delhi,Small,64663
58,Male,Master's,Business Analyst,16,Healthcare,Bangalore,Large,151587
46,Male,PhD,DevOps Engineer,22,Retail,Delhi,Medium,184411
53,Female,Bachelor's,Data Scientist,16,Finance,Mumbai,Large,152947
42,Female,Master's,Data Analyst,21,Education,Pune,Small,143762
33,Female,Master's,Network Engineer,11,Manufacturing,Chennai,Medium,116160
57,Female,Master's,Sales Executive,19,IT,Delhi,Medium,155771
60,Male,PhD,HR Manager,8,Manufacturing,Pune,Small,102287
30,Male,PhD,Data Analyst,3,IT,Pune,Small,89335
26,Female,PhD,Data Scientist,3,IT,Hyderabad,Medium,109338
41,Female,PhD,Project Manager,14,Healthcare,Mumbai,Large,157283
41,Female,PhD,Marketing Executive,11,IT,Bangalore,Medium,128560
38,Female,High School,Software Engineer,0,Education,Pune,Medium,55536
47,Male,Bachelor's,Project Manager,25,Manufacturing,Hyderabad,Medium,179294
45,Female,Master's,Marketing Executive,11,IT,Bangalore,Small,108456
37,Male,PhD,Project Manager,2,IT,Bangalore,Small,94671
47,Female,PhD,Software Engineer,17,Retail,Bangalore,Medium,147186
25,Female,High School,HR Manager,3,Education,Bangalore,Small,51887
30,Female,PhD,Software Engineer,3,Finance,Hyderabad,Large,101294
55,Male,Bachelor's,Software Engineer,19,Retail,Chennai,Large,151983
38,Female,High School,Network Engineer,18,Education,Delhi,Small,126771
52,Female,PhD,Data Scientist,18,Healthcare,Chennai,Small,158794
34,Female,PhD,Network Engineer,5,Healthcare,Pune,Small,90706
23,Female,Bachelor's,Marketing Executive,3,Education,Delhi,Medium,65846
21,Female,PhD,UI/UX Designer,1,Manufacturing,Bangalore,Large,84808
42,Male,High School,Data Scientist,18,Manufacturing,Mumbai,Small,137111
38,Male,High School,HR Manager,4,IT,Chennai,Large,86441
54,Male,High School,Business Analyst,8,Finance,Chennai,Small,86725
27,Female,PhD,Business Analyst,7,Healthcare,Pune,Medium,111440
60,Female,High School,UI/UX Designer,11,Healthcare,Hyderabad,Large,113879
54,Male,Bachelor's,HR Manager,23,IT,Pune,Large,181434
41,Female,PhD,DevOps Engineer,20,Retail,Chennai,Small,161607
36,Female,Bachelor's,Sales Executive,7,IT,Delhi,Large,106488
45,Female,Master's,Data Scientist,22,Education,Mumbai,Medium,176459
34,Female,PhD,HR Manager,1,Manufacturing,Hyderabad,Medium,74478
58,Female,High School,Marketing Executive,6,IT,Pune,Small,77861
53,Female,Master's,Data Scientist,4,Education,Chennai,Medium,93788
60,Female,High School,Sales Executive,17,Finance,Bangalore,Small,118866
35,Male,High School,Business Analyst,15,Retail,Pune,Large,127982
31,Female,PhD,UI/UX Designer,3,Retail,Hyderabad,Small,78683
38,Female,PhD,Software Engineer,17,Manufacturing,Pune,Medium,155817
58,Female,Master's,Data Analyst,10,Manufacturing,Mumbai,Medium,109143
41,Male,High School,Accountant,6,Retail,Pune,Large,86412
34,Female,High School,Marketing Executive,7,Retail,Hyderabad,Medium,81371
24,Female,Master's,Marketing Executive,4,Retail,Pune,Large,82746
46,Female,Bachelor's,Accountant,17,Healthcare,Pune,Large,144234
34,Female,High School,Data Scientist,8,IT,Delhi,Medium,105298
30,Male,PhD,UI/UX Designer,3,IT,Bangalore,Small,88967
26,Female,High School,Data Scientist,4,Retail,Delhi,Large,87610
53,Female,Bachelor's,Software Engineer,24,Manufacturing,Mumbai,Small,161357
59,Male,High School,Software Engineer,1,Education,Pune,Small,51381
30,Male,Bachelor's,Sales Executive,9,Retail,Pune,Small,83003
53,Male,PhD,UI/UX Designer,21,Healthcare,Pune,Medium,170474
41,Female,PhD,Business Analyst,1,Healthcare,Mumbai,Large,96996
35,Female,Master's,Marketing Executive,6,Manufacturing,Mumbai,Small,80245
36,Female,Bachelor's,UI/UX Designer,3,Finance,Hyderabad,Medium,77074
23,Male,PhD,UI/UX Designer,2,IT,Chennai,Small,87598
51,Female,Bachelor's,Accountant,19,Healthcare,Delhi,Medium,137232
40,Female,Bachelor's,Data Analyst,11,IT,Chennai,Small,109419
24,Male,Bachelor's,HR Manager,0,Manufacturing,Chennai,Small,48563
55,Male,High School,Marketing Executive,14,Manufacturing,Mumbai,Large,115613
58,Male,PhD,Business Analyst,20,Retail,Mumbai,Large,172328
35,Female,Master's,Marketing Executive,9,Education,Pune,Medium,98250
51,Female,Master's,Software Engineer,18,Finance,Mumbai,Large,162885
22,Female,PhD,HR Manager,0,Finance,Pune,Medium,75582
52,Female,Bachelor's,Data Analyst,16,Healthcare,Pune,Medium,133422
31,Female,Bachelor's,UI/UX Designer,9,Education,Bangalore,Small,91667
34,Female,High School,Data Scientist,11,Retail,Hyderabad,Medium,112485
31,Female,Bachelor's,Data Scientist,3,Healthcare,Hyderabad,Medium,81630
56,Female,Master's,Accountant,11,Finance,Pune,Medium,110892
50,Female,Master's,Project Manager,6,Education,Mumbai,Large,107369
32,Female,High School,Marketing Executive,11,Manufacturing,Delhi,Large,110425
39,Female,PhD,Project Manager,2,Manufacturing,Pune,Small,79042
49,Male,Master's,Software Engineer,0,Finance,Bangalore,Small,65627
57,Female,High School,UI/UX Designer,17,Healthcare,Hyderabad,Small,122980
51,Male,High School,DevOps Engineer,12,Retail,Chennai,Large,126976
49,Male,High School,DevOps Engineer,9,Finance,Pune,Large,121282
46,Female,Bachelor's,HR Manager,9,IT,Bangalore,Medium,98984
57,Male,PhD,DevOps Engineer,23,Finance,Hyderabad,Large,204309
45,Female,PhD,Data Analyst,14,Retail,Delhi,Medium,136780
48,Male,High School,Data Scientist,2,Healthcare,Delhi,Medium,75552
32,Male,High School,Data Scientist,12,Finance,Bangalore,Large,133401
60,Female,High School,Data Analyst,18,Finance,Delhi,Medium,142072
35,Male,PhD,Marketing Executive,13,Retail,Delhi,Small,120271
49,Female,High School,Marketing Executive,19,Finance,Delhi,Medium,139112
28,Male,Master's,Software Engineer,4,Retail,Bangalore,Small,75741
25,Male,Master's,Sales Executive,3,Healthcare,Mumbai,Medium,76675
24,Male,PhD,HR Manager,0,Education,Bangalore,Medium,65089
57,Female,Master's,DevOps Engineer,18,Manufacturing,Mumbai,Large,165832
58,Female,Bachelor's,UI/UX Designer,24,Finance,Mumbai,Large,182154
37,Female,Master's,Network Engineer,2,IT,Hyderabad,Small,68040
32,Male,Master's,Marketing Executive,11,IT,Delhi,Large,125941
39,Male,PhD,Business Analyst,8,Finance,Bangalore,Large,132382
21,Female,PhD,HR Manager,1,Finance,Hyderabad,Medium,81021
45,Male,High School,Marketing Executive,23,Manufacturing,Mumbai,Medium,147938
43,Female,High School,Project Manager,2,Manufacturing,Pune,Medium,73660
41,Male,High School,Data Scientist,6,Manufacturing,Hyderabad,Medium,96554
41,Female,Bachelor's,Business Analyst,9,Education,Delhi,Medium,94052
53,Male,High School,DevOps Engineer,6,Retail,Chennai,Large,92979
27,Male,Bachelor's,Data Analyst,7,Healthcare,Bangalore,Large,100817
26,Female,Master's,HR Manager,0,Education,Mumbai,Large,66798
27,Male,PhD,Accountant,0,IT,Pune,Medium,74742
60,Female,PhD,UI/UX Designer,21,Retail,Chennai,Medium,164611
42,Male,High School,Sales Executive,14,Manufacturing,Pune,Large,118339
48,Female,Bachelor's,HR Manager,18,Manufacturing,Hyderabad,Medium,133936
33,Male,PhD,Software Engineer,0,IT,Bangalore,Small,75031
53,Male,Master's,UI/UX Designer,13,Manufacturing,Chennai,Large,133848
29,Male,Master's,DevOps Engineer,2,IT,Hyderabad,Medium,86447
46,Female,PhD,Software Engineer,13,IT,Chennai,Small,135738
58,Male,Bachelor's,Software Engineer,18,IT,Mumbai,Medium,147371
54,Male,Bachelor's,Data Scientist,4,Finance,Chennai,Small,85234
35,Female,Bachelor's,UI/UX Designer,4,Finance,Hyderabad,Medium,78291
22,Female,High School,Data Analyst,0,IT,Bangalore,Medium,58425
35,Male,Bachelor's,HR Manager,3,Manufacturing,Bangalore,Medium,71970
45,Female,Bachelor's,Data Scientist,3,Finance,Delhi,Large,98997
47,Male,Master's,Marketing Executive,21,Finance,Bangalore,Medium,161701
46,Male,Master's,Network Engineer,9,Education,Mumbai,Small,92820
58,Male,PhD,Sales Executive,16,Finance,Chennai,Small,143557
43,Male,PhD,Business Analyst,7,Manufacturing,Delhi,Medium,108033
57,Female,Master's,Data Scientist,17,Retail,Mumbai,Small,145131
26,Male,Bachelor's,Sales Executive,2,Education,Chennai,Medium,58382
52,Male,PhD,Data Scientist,24,Healthcare,Bangalore,Large,208824
47,Male,High School,Project Manager,9,Education,Chennai,Small,91124
58,Female,Master's,Data Scientist,22,Healthcare,Mumbai,Medium,180115
41,Female,Bachelor's,Marketing Executive,21,Finance,Pune,Large,158585
57,Male,Master's,DevOps Engineer,17,Finance,Bangalore,Medium,156861
52,Male,Bachelor's,Project Manager,18,IT,Chennai,Medium,151566
50,Male,PhD,HR Manager,20,Manufacturing,Delhi,Large,172308
38,Female,Master's,Sales Executive,6,Retail,Chennai,Large,94036
57,Male,PhD,Data Analyst,0,Education,Delhi,Large,80850
57,Male,Bachelor's,Network Engineer,15,Retail,Pune,Large,134303
27,Female,Bachelor's,UI/UX Designer,5,Retail,Hyderabad,Small,73942
33,Female,PhD,Data Analyst,11,IT,Bangalore,Small,121911
51,Male,PhD,Software Engineer,4,Education,Delhi,Small,80563
38,Male,PhD,Business Analyst,17,Retail,Delhi,Small,144834
38,Female,Bachelor's,Data Analyst,18,Finance,Hyderabad,Medium,141218
58,Female,Master's,Business Analyst,24,Education,Bangalore,Medium,169361
58,Female,Bachelor's,Sales Executive,20,Manufacturing,Chennai,Medium,141360
33,Female,High School,Business Analyst,9,Finance,Delhi,Large,105685
34,Male,Master's,Accountant,6,Manufacturing,Hyderabad,Large,95974
47,Male,PhD,DevOps Engineer,22,Healthcare,Pune,Medium,186717
49,Male,High School,Sales Executive,21,Manufacturing,Pune,Small,134884
35,Female,High School,Data Analyst,3,Education,Hyderabad,Small,58858
22,Female,PhD,DevOps Engineer,0,Finance,Pune,Large,103586
23,Male,Bachelor's,HR Manager,0,Finance,Chennai,Medium,62802
47,Female,Bachelor's,UI/UX Designer,15,Healthcare,Pune,Small,115246
57,Female,Master's,Data Analyst,17,Manufacturing,Hyderabad,Small,135587
59,Male,High School,Data Analyst,6,Healthcare,Pune,Small,74561
21,Male,High School,Software Engineer,1,IT,Chennai,Large,73133
30,Male,PhD,Sales Executive,8,IT,Mumbai,Large,120185
60,Male,High School,HR Manager,19,Healthcare,Bangalore,Small,128724
53,Male,Master's,Project Manager,23,Retail,Chennai,Small,163932
41,Male,High School,Sales Executive,6,IT,Delhi,Medium,85957
58,Female,Bachelor's,Accountant,3,Education,Hyderabad,Small,59373
27,Male,PhD,Data Analyst,1,Finance,Bangalore,Large,98051
40,Male,Bachelor's,Project Manager,0,Education,Delhi,Small,57532
56,Female,High School,Project Manager,25,IT,Hyderabad,Small,172400
41,Female,PhD,DevOps Engineer,4,IT,Pune,Small,104805
53,Male,PhD,Sales Executive,11,Healthcare,Mumbai,Small,112413
56,Male,High School,Software Engineer,25,Manufacturing,Mumbai,Medium,168708
28,Female,Bachelor's,HR Manager,4,Manufacturing,Bangalore,Small,64652
24,Male,Bachelor's,Data Analyst,0,Healthcare,Bangalore,Medium,60733
59,Female,PhD,UI/UX Designer,21,Finance,Mumbai,Small,170476
37,Female,Master's,Data Scientist,11,Healthcare,Bangalore,Large,138609
25,Male,Bachelor's,UI/UX Designer,0,Healthcare,Chennai,Medium,62643
58,Female,Master's,Accountant,17,Retail,Chennai,Medium,140404
39,Female,Bachelor's,Software Engineer,16,IT,Chennai,Small,134089
49,Female,PhD,HR Manager,11,Healthcare,Chennai,Large,130886
32,Male,High School,Business Analyst,7,Finance,Mumbai,Medium,92424
46,Male,High School,Project Manager,11,Education,Hyderabad,Medium,102201
26,Female,Master's,Data Analyst,2,Finance,Hyderabad,Medium,75949
37,Female,PhD,Data Analyst,1,IT,Hyderabad,Large,98203
55,Male,High School,UI/UX Designer,19,Healthcare,Hyderabad,Medium,144286
30,Male,PhD,Sales Executive,0,Finance,Bangalore,Large,81994
43,Male,Bachelor's,Data Scientist,21,Finance,Bangalore,Large,177465
32,Female,Bachelor's,Project Manager,8,IT,Pune,Medium,109353
30,Female,Bachelor's,Marketing Executive,8,Retail,Pune,Large,91523
21,Female,High School,Software Engineer,1,Manufacturing,Pune,Medium,64417
28,Female,Master's,Data Analyst,3,Manufacturing,Hyderabad,Small,64986
41,Male,Master's,Business Analyst,6,Finance,Bangalore,Large,104125
48,Female,High School,UI/UX Designer,9,Manufacturing,Delhi,Medium,97618
23,Male,Bachelor's,Software Engineer,3,Finance,Pune,Small,65888
40,Male,Master's,DevOps Engineer,3,Healthcare,Bangalore,Medium,89954
29,Female,High School,UI/UX Designer,8,Healthcare,Chennai,Medium,93440
39,Male,High School,Data Scientist,4,IT,Delhi,Large,96369
45,Male,Master's,Business Analyst,7,Retail,Delhi,Large,105224
50,Female,High School,UI/UX Designer,17,Finance,Hyderabad,Small,125605
36,Female,High School,Marketing Executive,12,Healthcare,Pune,Medium,106077
44,Male,Master's,DevOps Engineer,18,IT,Pune,Medium,167435
21,Female,PhD,Network Engineer,1,Manufacturing,Hyderabad,Large,89386
30,Male,PhD,Software Engineer,8,Education,Hyderabad,Large,121365
42,Female,PhD,HR Manager,13,Finance,Mumbai,Medium,137775
23,Male,PhD,Marketing Executive,0,Finance,Mumbai,Medium,72648
47,Male,High School,Project Manager,21,Retail,Pune,Small,145360
35,Male,Master's,HR Manager,0,Education,Delhi,Medium,60517
39,Male,Master's,Business Analyst,8,Education,Bangalore,Medium,103708
39,Male,Bachelor's,DevOps Engineer,5,Finance,Chennai,Small,86439
53,Male,High School,Project Manager,0,IT,Mumbai,Large,78043
28,Female,Master's,HR Manager,5,Education,Pune,Small,77258
42,Male,PhD,Project Manager,10,Retail,Hyderabad,Medium,128175
57,Female,PhD,Software Engineer,25,Finance,Chennai,Small,188908
24,Female,Bachelor's,HR Manager,1,Manufacturing,Bangalore,Large,74326
39,Male,Bachelor's,HR Manager,11,IT,Chennai,Large,126107
45,Female,High School,Project Manager,7,IT,Bangalore,Large,110927
32,Female,High School,Business Analyst,11,Finance,Hyderabad,Medium,107071
59,Female,Bachelor's,Software Engineer,4,Healthcare,Hyderabad,Medium,83873
32,Female,Master's,UI/UX Designer,1,Finance,Pune,Small,67766
59,Female,PhD,Software Engineer,6,Education,Bangalore,Small,88540
34,Female,Bachelor's,Network Engineer,1,Finance,Pune,Small,62210
43,Male,Bachelor's,Data Scientist,0,IT,Mumbai,Small,66740
57,Female,Bachelor's,HR Manager,7,Healthcare,Pune,Small,85399
52,Male,High School,Software Engineer,2,IT,Delhi,Small,68531
42,Female,High School,Sales Executive,13,Finance,Bangalore,Medium,111100
52,Female,Master's,Marketing Executive,2,Retail,Chennai,Small,62492
60,Male,Bachelor's,HR Manager,25,IT,Chennai,Medium,172739
35,Male,PhD,UI/UX Designer,2,Manufacturing,Mumbai,Medium,83667
42,Female,Master's,Business Analyst,12,Manufacturing,Chennai,Small,108210
28,Male,Master's,HR Manager,4,Manufacturing,Pune,Large,86315
49,Male,PhD,Sales Executive,15,Manufacturing,Mumbai,Medium,138145
32,Male,PhD,UI/UX Designer,10,Education,Hyderabad,Small,113428
31,Male,High School,DevOps Engineer,8,Manufacturing,Chennai,Medium,99664
25,Male,High School,Data Scientist,5,Finance,Bangalore,Small,85902
51,Female,PhD,Software Engineer,20,Education,Delhi,Medium,162350
42,Male,Bachelor's,Data Scientist,7,Finance,Delhi,Medium,110333
43,Female,Bachelor's,Data Analyst,18,Finance,Mumbai,Large,156398
44,Male,Bachelor's,Business Analyst,13,IT,Hyderabad,Medium,131433
40,Female,High School,Software Engineer,6,IT,Delhi,Small,82515
36,Male,Bachelor's,DevOps Engineer,4,Manufacturing,Hyderabad,Small,76254
48,Female,PhD,Sales Executive,11,Retail,Bangalore,Small,113271
37,Female,PhD,UI/UX Designer,3,Retail,Bangalore,Large,98262
42,Male,High School,Marketing Executive,18,Finance,Pune,Small,121544
27,Female,High School,Sales Executive,4,Healthcare,Bangalore,Large,79437
39,Male,PhD,Business Analyst,5,Finance,Chennai,Small,99492
32,Female,Master's,Marketing Executive,4,Finance,Bangalore,Medium,83426
41,Female,PhD,Sales Executive,12,Healthcare,Pune,Medium,130644
48,Female,Bachelor's,Project Manager,5,Retail,Chennai,Large,92471
22,Female,PhD,UI/UX Designer,1,Finance,Chennai,Small,80979
29,Male,PhD,Marketing Executive,9,Education,Pune,Medium,103842
24,Male,Bachelor's,Business Analyst,3,Education,Delhi,Medium,75285
35,Female,High School,Network Engineer,10,Education,Pune,Small,85412
29,Female,Bachelor's,Network Engineer,1,IT,Chennai,Medium,64571
32,Male,Bachelor's,Project Manager,2,Education,Mumbai,Large,80700
43,Female,PhD,Data Scientist,15,Healthcare,Hyderabad,Large,162350
50,Male,Bachelor's,HR Manager,0,Manufacturing,Pune,Large,61533
39,Male,Bachelor's,HR Manager,14,Finance,Mumbai,Large,128919
57,Female,Master's,Marketing Executive,22,IT,Delhi,Medium,167556
49,Male,PhD,HR Manager,0,Education,Delhi,Small,64523
48,Male,High School,Data Analyst,6,IT,Bangalore,Small,74802
54,Male,Master's,Data Scientist,9,Education,Chennai,Large,122852
34,Male,PhD,UI/UX Designer,6,Retail,Mumbai,Small,95851
59,Male,PhD,DevOps Engineer,12,Manufacturing,Delhi,Small,131245
21,Male,Master's,Network Engineer,1,Healthcare,Mumbai,Large,75893
56,Male,PhD,Project Manager,11,Retail,Delhi,Small,119576
30,Male,Master's,Data Analyst,4,Retail,Bangalore,Medium,75014
25,Female,Master's,Project Manager,0,Education,Hyderabad,Medium,72693
24,Male,High School,HR Manager,4,Retail,Delhi,Large,75683
37,Male,High School,Project Manager,2,IT,Chennai,Small,69710
46,Male,Master's,Data Analyst,12,Manufacturing,Bangalore,Medium,121559
27,Female,Bachelor's,Business Analyst,4,Healthcare,Mumbai,Medium,83285
24,Female,High School,Network Engineer,1,Manufacturing,Hyderabad,Small,51959
41,Female,Master's,Business Analyst,12,IT,Mumbai,Medium,124591
26,Female,High School,Data Scientist,4,Education,Delhi,Small,76933
54,Male,Bachelor's,Business Analyst,22,Manufacturing,Hyderabad,Medium,155748
44,Male,PhD,Sales Executive,16,Retail,Mumbai,Small,136318
57,Male,PhD,Business Analyst,15,Healthcare,Pune,Large,154763
31,Male,High School,Business Analyst,6,IT,Delhi,Medium,90453
55,Male,Master's,HR Manager,6,Healthcare,Chennai,Large,105634
43,Female,Master's,Business Analyst,13,Manufacturing,Bangalore,Large,134545
44,Male,Bachelor's,Network Engineer,7,Manufacturing,Pune,Large,98125
31,Female,PhD,UI/UX Designer,6,Finance,Hyderabad,Medium,107491
56,Female,High School,UI/UX Designer,1,Healthcare,Pune,Medium,61508
56,Female,Bachelor's,Software Engineer,15,Finance,Hyderabad,Small,122850
31,Male,Bachelor's,Business Analyst,7,Education,Mumbai,Large,97678
41,Female,Master's,DevOps Engineer,2,Manufacturing,Hyderabad,Small,72060
54,Female,Master's,Sales Executive,11,IT,Bangalore,Small,107620
21,Male,Bachelor's,DevOps Engineer,1,IT,Delhi,Medium,83602
31,Male,PhD,Business Analyst,7,Education,Delhi,Small,100712
39,Female,Master's,Data Scientist,4,Manufacturing,Delhi,Medium,93250
21,Male,High School,Business Analyst,0,IT,Bangalore,Small,52319
38,Male,Bachelor's,Project Manager,4,Manufacturing,Chennai,Medium,78849
43,Male,PhD,DevOps Engineer,23,Manufacturing,Mumbai,Medium,189499
28,Female,High School,Sales Executive,7,Healthcare,Delhi,Large,92232
46,Female,PhD,Sales Executive,12,Healthcare,Hyderabad,Large,139585
36,Female,Master's,Project Manager,6,IT,Hyderabad,Large,114495
31,Female,Bachelor's,UI/UX Designer,4,Education,Delhi,Large,81215
50,Male,Bachelor's,DevOps Engineer,19,Finance,Bangalore,Small,148733
36,Female,PhD,Software Engineer,0,Healthcare,Delhi,Medium,77985
47,Male,High School,Marketing Executive,1,Education,Delhi,Large,54853
42,Male,High School,Software Engineer,1,IT,Mumbai,Large,79365
21,Male,High School,Data Scientist,0,Education,Chennai,Large,71286
50,Female,PhD,Accountant,10,Finance,Bangalore,Medium,124316
53,Male,Bachelor's,Marketing Executive,22,Education,Hyderabad,Large,154766
39,Female,PhD,Business Analyst,18,Retail,Hyderabad,Medium,154972
53,Male,PhD,Project Manager,13,Manufacturing,Bangalore,Small,130902
26,Male,Bachelor's,UI/UX Designer,3,Education,Mumbai,Medium,71994
30,Male,PhD,Accountant,4,Healthcare,Chennai,Large,104160
29,Male,High School,Software Engineer,4,IT,Delhi,Large,86340
55,Female,High School,Data Analyst,12,Healthcare,Delhi,Large,113286
41,Male,High School,Accountant,2,Healthcare,Chennai,Small,55118
28,Male,Bachelor's,DevOps Engineer,6,IT,Delhi,Large,110841
41,Male,Bachelor's,Sales Executive,13,Retail,Delhi,Small,97964
24,Male,High School,Network Engineer,0,IT,Pune,Large,66080
56,Male,High School,DevOps Engineer,14,IT,Chennai,Large,140842
54,Female,Bachelor's,Marketing Executive,20,Manufacturing,Chennai,Small,137908
59,Male,Bachelor's,Network Engineer,24,Manufacturing,Hyderabad,Large,170808
37,Female,PhD,Sales Executive,7,Education,Hyderabad,Small,91953
31,Female,High School,Accountant,8,IT,Bangalore,Small,88518
25,Male,Master's,Business Analyst,2,Manufacturing,Chennai,Medium,76693
35,Male,High School,Software Engineer,2,Healthcare,Delhi,Large,75006
21,Female,PhD,HR Manager,1,Retail,Mumbai,Large,81785
27,Male,Master's,Data Scientist,1,Manufacturing,Mumbai,Large,94272
47,Female,Master's,UI/UX Designer,23,IT,Delhi,Small,171459
48,Male,High School,Accountant,15,Education,Mumbai,Medium,117196
55,Female,Bachelor's,Sales Executive,25,Finance,Mumbai,Large,175902
26,Male,PhD,UI/UX Designer,5,Finance,Mumbai,Medium,107201
31,Male,PhD,Sales Executive,2,Education,Mumbai,Large,90336
33,Male,PhD,Data Analyst,7,Education,Chennai,Small,98516
59,Male,High School,Business Analyst,21,Healthcare,Pune,Large,161709
57,Female,High School,Data Scientist,17,Healthcare,Chennai,Large,156368
50,Female,PhD,Marketing Executive,4,Retail,Mumbai,Medium,80408
56,Male,Master's,DevOps Engineer,6,Retail,Hyderabad,Medium,95186
39,Male,PhD,Data Analyst,3,Education,Chennai,Medium,88866
25,Female,Master's,Sales Executive,1,Healthcare,Hyderabad,Large,72815
28,Male,PhD,Software Engineer,4,IT,Delhi,Medium,98071
59,Male,Master's,Project Manager,5,Retail,Delhi,Large,106066
49,Male,PhD,Marketing Executive,17,Manufacturing,Mumbai,Small,132772
30,Male,Bachelor's,Software Engineer,9,IT,Hyderabad,Large,119068
21,Male,PhD,UI/UX Designer,0,IT,Mumbai,Medium,87365
22,Male,Master's,Data Scientist,1,Finance,Bangalore,Small,80185
59,Male,High School,UI/UX Designer,6,Retail,Hyderabad,Medium,73685
21,Female,Bachelor's,Software Engineer,1,Finance,Chennai,Small,63438
29,Female,PhD,Marketing Executive,4,Finance,Mumbai,Large,97407
41,Female,High School,UI/UX Designer,15,Healthcare,Chennai,Medium,124184
52,Male,High School,DevOps Engineer,8,Education,Pune,Medium,95929
40,Male,Master's,HR Manager,8,Healthcare,Chennai,Large,109598
45,Female,PhD,Accountant,20,Retail,Delhi,Medium,162423
33,Male,Master's,Accountant,10,Finance,Chennai,Large,121786
56,Female,Bachelor's,Sales Executive,13,Education,Bangalore,Medium,108410
54,Female,Bachelor's,Data Scientist,10,IT,Delhi,Medium,123978
54,Male,High School,Accountant,15,Retail,Chennai,Small,108193
60,Male,Bachelor's,UI/UX Designer,17,Manufacturing,Chennai,Medium,136555
59,Female,Master's,Accountant,22,IT,Chennai,Small,160228
24,Female,High School,Network Engineer,2,Finance,Pune,Medium,68593
31,Male,High School,Software Engineer,11,Education,Bangalore,Medium,106387
33,Female,High School,DevOps Engineer,9,Education,Mumbai,Small,88824
58,Male,Master's,UI/UX Designer,10,Healthcare,Delhi,Large,120959
56,Female,High School,Sales Executive,0,Finance,Chennai,Large,59801
43,Female,Bachelor's,DevOps Engineer,1,Manufacturing,Delhi,Small,64127
22,Female,Bachelor's,Accountant,2,IT,Chennai,Small,61718
25,Male,PhD,Network Engineer,1,Healthcare,Delhi,Large,89166
52,Male,Master's,HR Manager,19,IT,Delhi,Large,162329
30,Female,Master's,Network Engineer,3,IT,Chennai,Small,78364
32,Female,Master's,Data Scientist,7,Retail,Mumbai,Large,114501
43,Male,High School,Accountant,3,Healthcare,Mumbai,Small,60576
43,Female,Master's,Marketing Executive,11,IT,Chennai,Large,122171
59,Male,High School,Network Engineer,20,Finance,Chennai,Small,141809
40,Female,Master's,Marketing Executive,11,Manufacturing,Bangalore,Large,114012
47,Female,PhD,Data Scientist,4,Retail,Hyderabad,Medium,101273
36,Female,Master's,Sales Executive,14,IT,Bangalore,Small,125792
44,Female,Bachelor's,Sales Executive,13,Healthcare,Hyderabad,Small,100970
53,Male,High School,Accountant,8,Manufacturing,Mumbai,Medium,80231
58,Female,High School,Sales Executive,19,Retail,Bangalore,Small,122440
22,Male,Master's,Data Analyst,0,Education,Delhi,Medium,61091
42,Male,Master's,DevOps Engineer,1,Retail,Pune,Large,83548
47,Female,Bachelor's,UI/UX Designer,14,IT,Bangalore,Small,119754
54,Female,High School,Project Manager,17,Retail,Chennai,Small,123994
24,Female,Master's,Network Engineer,1,Finance,Mumbai,Medium,69256
30,Female,Bachelor's,DevOps Engineer,8,Finance,Hyderabad,Small,97171
51,Male,Master's,Business Analyst,11,Education,Mumbai,Small,102305
42,Male,High School,DevOps Engineer,9,Healthcare,Delhi,Medium,100893
54,Female,Bachelor's,UI/UX Designer,22,Healthcare,Bangalore,Medium,157686
26,Male,Bachelor's,UI/UX Designer,0,Retail,Mumbai,Medium,52756
41,Female,PhD,Data Scientist,0,Manufacturing,Pune,Small,83911
29,Male,Master's,Data Analyst,6,Education,Bangalore,Small,82001
30,Female,High School,DevOps Engineer,10,IT,Delhi,Large,123745
60,Female,Bachelor's,Data Analyst,4,Retail,Pune,Small,69293
25,Female,PhD,HR Manager,2,Manufacturing,Mumbai,Medium,77866
22,Female,Bachelor's,Network Engineer,1,Retail,Delhi,Medium,54516
49,Male,Master's,Marketing Executive,20,Retail,Delhi,Large,158113
33,Male,Master's,Project Manager,0,Healthcare,Hyderabad,Small,61096
29,Male,Bachelor's,Accountant,6,Education,Pune,Large,86490
40,Female,Master's,Software Engineer,20,Finance,Pune,Medium,164415
46,Male,Bachelor's,UI/UX Designer,1,IT,Chennai,Small,61975
47,Male,PhD,UI/UX Designer,21,Healthcare,Chennai,Large,185289
30,Male,PhD,Accountant,3,Retail,Hyderabad,Small,73490
56,Female,Bachelor's,Business Analyst,21,Finance,Hyderabad,Small,148140
36,Female,Master's,Sales Executive,7,IT,Hyderabad,Large,107116
30,Male,High School,HR Manager,0,Retail,Delhi,Large,58925
36,Male,High School,Accountant,5,Manufacturing,Bangalore,Large,82836
54,Male,PhD,HR Manager,3,Education,Hyderabad,Small,77346
36,Female,High School,Business Analyst,12,Manufacturing,Pune,Large,121964
48,Male,Bachelor's,Software Engineer,15,IT,Hyderabad,Medium,131823
37,Female,High School,Business Analyst,3,IT,Mumbai,Small,67455
38,Female,Master's,Software Engineer,17,Manufacturing,Delhi,Large,150207
32,Male,PhD,Software Engineer,3,Retail,Chennai,Small,85070
26,Female,Master's,UI/UX Designer,4,Healthcare,Chennai,Medium,86886
59,Female,Bachelor's,Network Engineer,15,Education,Chennai,Medium,118382
59,Female,PhD,Sales Executive,5,Education,Hyderabad,Small,83809
28,Female,PhD,Data Scientist,8,Education,Bangalore,Large,131566
27,Male,PhD,Sales Executive,2,Education,Pune,Small,69099
44,Female,Bachelor's,Business Analyst,15,IT,Bangalore,Large,145193
23,Female,Bachelor's,HR Manager,1,Manufacturing,Delhi,Large,70738
25,Female,Master's,Sales Executive,2,Education,Bangalore,Medium,64355
34,Female,Master's,UI/UX Designer,0,IT,Hyderabad,Medium,69585
40,Male,High School,Marketing Executive,5,Finance,Chennai,Large,81346
59,Male,PhD,HR Manager,12,Education,Chennai,Medium,122100
45,Female,PhD,Accountant,10,Retail,Mumbai,Large,119357
34,Male,Bachelor's,Software Engineer,6,IT,Chennai,Large,107969
59,Male,Bachelor's,Sales Executive,20,Manufacturing,Bangalore,Large,153644
57,Male,Bachelor's,DevOps Engineer,5,Retail,Hyderabad,Large,100406
24,Male,Master's,Network Engineer,3,Finance,Chennai,Small,73829
24,Female,Bachelor's,Network Engineer,3,IT,Hyderabad,Large,86290
29,Male,Bachelor's,Project Manager,8,Education,Hyderabad,Large,103334
26,Male,High School,Business Analyst,4,Manufacturing,Pune,Medium,75871
42,Female,PhD,Accountant,21,Retail,Delhi,Large,177946
51,Male,PhD,Network Engineer,9,Retail,Hyderabad,Medium,109708
27,Female,High School,Data Analyst,7,Healthcare,Pune,Medium,87340
43,Male,High School,Accountant,16,Retail,Pune,Large,124154
48,Female,PhD,HR Manager,2,Manufacturing,Delhi,Large,92658
36,Female,PhD,HR Manager,3,IT,Bangalore,Large,104505
43,Female,Bachelor's,DevOps Engineer,14,Education,Hyderabad,Medium,131974
47,Male,PhD,Accountant,6,Retail,Hyderabad,Small,91610
58,Male,High School,Sales Executive,20,Retail,Bangalore,Large,142864
34,Female,High School,Business Analyst,10,IT,Mumbai,Medium,106088
31,Male,PhD,HR Manager,1,Manufacturing,Bangalore,Medium,75466
25,Female,Master's,Project Manager,3,Retail,Hyderabad,Small,80364
24,Female,PhD,UI/UX Designer,1,Finance,Pune,Medium,85587
54,Female,Master's,Accountant,24,Finance,Chennai,Large,182840
59,Male,High School,Data Scientist,18,Education,Chennai,Large,157891
30,Male,Master's,Marketing Executive,2,IT,Mumbai,Medium,80833
32,Female,High School,UI/UX Designer,5,Manufacturing,Chennai,Medium,73440
27,Female,Bachelor's,Sales Executive,2,IT,Hyderabad,Large,78821
57,Female,Master's,Marketing Executive,19,Healthcare,Hyderabad,Small,138715
35,Male,Master's,Sales Executive,3,Finance,Hyderabad,Large,83642
51,Male,PhD,Accountant,19,Manufacturing,Delhi,Medium,161119
48,Male,Master's,Marketing Executive,22,Retail,Pune,Medium,155547
23,Female,High School,Business Analyst,1,Education,Delhi,Small,45022
47,Female,High School,Data Analyst,12,Finance,Bangalore,Large,119147
48,Female,High School,Business Analyst,14,Manufacturing,Bangalore,Small,108708
39,Male,Bachelor's,Project Manager,0,Finance,Delhi,Small,61429
27,Male,High School,Sales Executive,3,Manufacturing,Bangalore,Small,55608
41,Female,High School,Data Analyst,9,Retail,Hyderabad,Large,100254
38,Male,Master's,Accountant,5,Healthcare,Bangalore,Large,93077
38,Female,Master's,Software Engineer,7,Manufacturing,Pune,Medium,100239
43,Female,High School,Data Analyst,22,Manufacturing,Delhi,Large,157067
42,Male,Master's,Software Engineer,13,Retail,Pune,Medium,123561
52,Male,Bachelor's,Network Engineer,11,Retail,Pune,Large,112654
50,Female,Master's,Project Manager,1,Manufacturing,Bangalore,Medium,73029
60,Male,Bachelor's,Sales Executive,1,IT,Delhi,Small,55770
41,Male,Master's,Network Engineer,12,Healthcare,Bangalore,Large,125577
32,Female,PhD,Sales Executive,3,Manufacturing,Mumbai,Medium,88329
32,Female,Bachelor's,Network Engineer,12,Healthcare,Bangalore,Small,101528
57,Male,High School,Data Analyst,8,Manufacturing,Pune,Small,78776
40,Male,Master's,UI/UX Designer,4,Manufacturing,Bangalore,Medium,84202
48,Female,Bachelor's,Accountant,21,Manufacturing,Bangalore,Medium,146634
33,Male,Master's,UI/UX Designer,12,Retail,Pune,Large,125901
37,Female,PhD,Marketing Executive,6,IT,Delhi,Large,116146
60,Male,High School,Accountant,8,Education,Chennai,Medium,81657
36,Female,PhD,Network Engineer,5,Finance,Pune,Medium,96841
49,Male,Bachelor's,Marketing Executive,8,IT,Pune,Medium,100165
54,Male,Master's,Network Engineer,25,Healthcare,Mumbai,Large,187575
57,Male,PhD,Project Manager,13,Healthcare,Bangalore,Medium,145205
46,Male,High School,Project Manager,10,Education,Hyderabad,Large,107074
23,Male,Master's,Data Scientist,2,Retail,Pune,Medium,83501
39,Female,PhD,UI/UX Designer,19,Education,Pune,Medium,159872
58,Male,Master's,Business Analyst,17,IT,Mumbai,Large,163996
22,Male,High School,Data Analyst,1,Healthcare,Pune,Medium,54823
22,Female,Master's,DevOps Engineer,0,Education,Hyderabad,Medium,73871
43,Female,PhD,DevOps Engineer,13,Healthcare,Hyderabad,Large,150754
55,Female,PhD,Software Engineer,23,Manufacturing,Hyderabad,Medium,180292
37,Female,Bachelor's,Project Manager,5,Manufacturing,Bangalore,Medium,91928
54,Female,High School,Project Manager,10,Healthcare,Hyderabad,Large,118700
47,Male,Bachelor's,Business Analyst,22,Healthcare,Chennai,Small,152330
32,Male,PhD,Data Analyst,12,Education,Delhi,Large,135425
49,Male,Master's,Software Engineer,3,Finance,Chennai,Small,81329
41,Male,PhD,DevOps Engineer,15,Finance,Mumbai,Medium,158238
36,Male,Master's,Network Engineer,16,Finance,Delhi,Medium,142313
33,Male,Master's,HR Manager,5,IT,Delhi,Small,80801
30,Male,PhD,Network Engineer,7,Healthcare,Hyderabad,Large,112525
39,Female,Master's,Data Scientist,16,Manufacturing,Mumbai,Medium,152588
45,Female,PhD,Software Engineer,24,Finance,Mumbai,Medium,187403
24,Female,PhD,HR Manager,1,Healthcare,Chennai,Large,86961
59,Male,PhD,Accountant,8,Retail,Mumbai,Large,113811
27,Female,Bachelor's,HR Manager,1,Finance,Chennai,Medium,60954
51,Female,High School,Business Analyst,22,Finance,Hyderabad,Medium,158586
43,Male,PhD,Sales Executive,14,Finance,Delhi,Medium,139359
36,Female,PhD,Accountant,12,Healthcare,Delhi,Small,122124
37,Male,Master's,Network Engineer,15,Healthcare,Delhi,Medium,133173
53,Female,Master's,Data Scientist,22,Retail,Chennai,Small,168531
37,Female,Bachelor's,Business Analyst,0,Education,Mumbai,Medium,56610
22,Female,Bachelor's,Software Engineer,1,Education,Mumbai,Medium,57819
40,Male,PhD,Marketing Executive,19,Finance,Chennai,Small,151695
51,Male,Bachelor's,UI/UX Designer,24,Finance,Hyderabad,Large,176529
23,Male,High School,Sales Executive,2,Healthcare,Mumbai,Medium,57967
39,Female,Master's,HR Manager,8,Retail,Chennai,Large,106987
36,Female,Bachelor's,HR Manager,10,Manufacturing,Bangalore,Medium,95522
21,Male,Master's,Business Analyst,0,IT,Pune,Large,81149
24,Male,Master's,Network Engineer,1,Manufacturing,Chennai,Medium,64788
59,Male,PhD,Marketing Executive,22,IT,Hyderabad,Large,186214
53,Female,PhD,Project Manager,6,Education,Mumbai,Small,98020
51,Female,PhD,Data Analyst,14,Retail,Delhi,Large,148374
52,Female,High School,Project Manager,21,Manufacturing,Mumbai,Large,166051
45,Female,Bachelor's,DevOps Engineer,17,Retail,Hyderabad,Large,148681
44,Male,Master's,Network Engineer,12,Retail,Chennai,Small,107525
31,Male,Bachelor's,DevOps Engineer,11,Finance,Hyderabad,Large,135908
32,Female,PhD,Project Manager,7,IT,Chennai,Medium,120464
60,Male,PhD,Data Scientist,17,Finance,Hyderabad,Medium,169309
25,Female,High School,Accountant,1,Education,Mumbai,Small,45438
40,Female,Bachelor's,HR Manager,14,Retail,Pune,Small,110434
53,Male,Bachelor's,Project Manager,10,Education,Chennai,Medium,102043
33,Male,Master's,Project Manager,5,IT,Hyderabad,Large,111201
53,Female,Bachelor's,Marketing Executive,15,IT,Pune,Large,139276
40,Male,PhD,Project Manager,15,IT,Bangalore,Small,150504
25,Female,Bachelor's,Software Engineer,4,Finance,Chennai,Large,91204
38,Female,Master's,Accountant,13,IT,Chennai,Small,117249
28,Female,Master's,Marketing Executive,7,Retail,Pune,Small,76744
31,Female,PhD,Marketing Executive,8,Healthcare,Pune,Small,101548
43,Male,Bachelor's,HR Manager,19,Retail,Bangalore,Small,130596
55,Male,High School,Accountant,24,Manufacturing,Hyderabad,Large,165212
55,Male,Master's,Sales Executive,2,Finance,Chennai,Small,66107
31,Male,Master's,Network Engineer,1,Education,Delhi,Small,62127
27,Male,High School,Accountant,2,Healthcare,Bangalore,Medium,59836
26,Male,Master's,DevOps Engineer,0,Education,Hyderabad,Small,59373
42,Female,Master's,Marketing Executive,20,Finance,Hyderabad,Small,144661
23,Female,High School,Project Manager,1,Healthcare,Hyderabad,Medium,70229
26,Female,High School,Software Engineer,5,Retail,Delhi,Medium,79495
40,Female,Master's,Business Analyst,10,Education,Delhi,Large,117889
40,Male,Master's,Data Analyst,10,Retail,Delhi,Small,96316
47,Female,Master's,Marketing Executive,19,Finance,Hyderabad,Medium,145844
60,Female,High School,Software Engineer,23,Education,Hyderabad,Large,166734
60,Male,High School,Software Engineer,2,Manufacturing,Delhi,Large,71622
37,Male,High School,Sales Executive,4,Retail,Bangalore,Medium,61489
26,Female,PhD,Marketing Executive,5,Manufacturing,Mumbai,Small,87813
45,Female,High School,Accountant,4,Finance,Delhi,Medium,76386
26,Male,High School,Software Engineer,5,Healthcare,Pune,Small,72262
52,Male,Bachelor's,Accountant,4,Manufacturing,Mumbai,Small,61587
30,Female,High School,UI/UX Designer,0,Manufacturing,Mumbai,Medium,56082
29,Female,Bachelor's,Accountant,4,Education,Hyderabad,Small,57447
39,Male,Bachelor's,DevOps Engineer,10,IT,Chennai,Large,127415
54,Male,High School,Sales Executive,12,IT,Chennai,Large,117842
32,Female,High School,Sales Executive,4,Healthcare,Chennai,Medium,70391
46,Female,Master's,Software Engineer,22,Manufacturing,Pune,Small,154366
53,Male,Master's,Sales Executive,23,Education,Delhi,Medium,156077
27,Male,Master's,UI/UX Designer,6,Healthcare,Mumbai,Small,89434
56,Male,PhD,DevOps Engineer,15,Education,Chennai,Medium,144713
34,Male,High School,Sales Executive,6,Manufacturing,Bangalore,Small,63444
27,Female,PhD,Software Engineer,3,Healthcare,Mumbai,Large,104827
26,Female,High School,HR Manager,6,Retail,Hyderabad,Small,63986
37,Female,Master's,DevOps Engineer,16,Finance,Pune,Small,143046
25,Male,High School,Project Manager,4,Education,Pune,Large,85925
35,Female,PhD,Data Scientist,9,Retail,Bangalore,Large,132023
47,Male,Bachelor's,UI/UX Designer,15,IT,Pune,Medium,130565
46,Female,High School,Accountant,15,Healthcare,Pune,Large,132162
47,Male,Master's,Sales Executive,25,Manufacturing,Delhi,Small,165522
55,Male,Bachelor's,Data Scientist,21,Retail,Bangalore,Large,169315
54,Female,Bachelor's,HR Manager,6,Healthcare,Bangalore,Small,79355
53,Female,PhD,Accountant,10,Manufacturing,Chennai,Large,128945
47,Female,PhD,Accountant,20,IT,Pune,Medium,169307
56,Female,PhD,Project Manager,7,Manufacturing,Chennai,Large,127918
51,Male,Bachelor's,Data Analyst,10,Finance,Chennai,Large,113329
51,Male,Master's,UI/UX Designer,10,Manufacturing,Chennai,Large,123240
60,Male,Master's,Accountant,15,Manufacturing,Mumbai,Medium,124554
39,Female,PhD,UI/UX Designer,16,Finance,Mumbai,Medium,148971
28,Female,PhD,Project Manager,7,Healthcare,Bangalore,Medium,116326
41,Female,Master's,UI/UX Designer,2,Education,Chennai,Small,65218
54,Male,PhD,HR Manager,19,Manufacturing,Hyderabad,Small,150250
53,Male,High School,Data Analyst,5,Education,Bangalore,Small,63862
57,Female,Bachelor's,Data Scientist,15,Healthcare,Bangalore,Small,135371
34,Male,Bachelor's,Business Analyst,4,Education,Mumbai,Large,89301
54,Male,Master's,Sales Executive,24,Manufacturing,Delhi,Small,163292
23,Male,High School,HR Manager,2,Finance,Chennai,Large,70179
42,Female,PhD,DevOps Engineer,7,Finance,Chennai,Large,132057
52,Male,Master's,Marketing Executive,3,Healthcare,Chennai,Medium,75153
36,Female,PhD,Software Engineer,4,Retail,Mumbai,Medium,94601
29,Male,Bachelor's,Software Engineer,7,Manufacturing,Chennai,Large,102973
40,Female,High School,Data Analyst,19,Retail,Delhi,Small,129197
49,Male,Bachelor's,Accountant,23,Healthcare,Delhi,Small,147900
43,Female,Bachelor's,Accountant,10,Finance,Hyderabad,Large,116438
42,Female,Bachelor's,Data Analyst,10,Finance,Mumbai,Small,98256
34,Female,Master's,Sales Executive,9,Education,Delhi,Large,107227
46,Female,PhD,Accountant,0,Retail,Hyderabad,Medium,65346
57,Female,High School,Network Engineer,22,Retail,Hyderabad,Medium,150138
44,Female,Bachelor's,Network Engineer,2,Manufacturing,Delhi,Medium,62572
40,Female,Bachelor's,Marketing Executive,19,Finance,Delhi,Small,134015
60,Female,Bachelor's,Accountant,17,Manufacturing,Bangalore,Large,144844
51,Female,PhD,Business Analyst,8,Education,Chennai,Medium,114541
23,Female,High School,Marketing Executive,3,Healthcare,Chennai,Large,70944
40,Male,PhD,Accountant,7,Education,Delhi,Medium,100009
47,Female,Bachelor's,Data Scientist,25,Manufacturing,Hyderabad,Large,188380
52,Female,Bachelor's,Project Manager,12,IT,Chennai,Small,123727
50,Male,High School,Software Engineer,14,Manufacturing,Hyderabad,Small,110456
37,Male,PhD,HR Manager,14,Healthcare,Pune,Medium,133175
37,Female,PhD,Data Scientist,17,Finance,Chennai,Medium,171699
42,Female,Master's,Data Analyst,12,Finance,Chennai,Medium,123062
27,Female,Master's,UI/UX Designer,6,Healthcare,Mumbai,Small,83484
36,Female,Master's,Marketing Executive,4,Healthcare,Pune,Small,73962
59,Female,PhD,Marketing Executive,9,Retail,Hyderabad,Large,119093
23,Female,Master's,UI/UX Designer,1,Manufacturing,Hyderabad,Small,59246
36,Female,Master's,Business Analyst,6,IT,Chennai,Small,90667
37,Female,PhD,UI/UX Designer,12,Manufacturing,Hyderabad,Medium,133664
52,Female,Bachelor's,Project Manager,23,IT,Pune,Medium,180870
42,Female,Bachelor's,Business Analyst,1,Healthcare,Chennai,Large,72107
28,Male,High School,HR Manager,7,Retail,Mumbai,Small,67775
50,Male,High School,UI/UX Designer,11,IT,Hyderabad,Medium,111778
50,Female,Master's,Network Engineer,18,IT,Mumbai,Large,167787
32,Male,Master's,Marketing Executive,8,Manufacturing,Hyderabad,Medium,91799
44,Female,Bachelor's,UI/UX Designer,18,Retail,Pune,Medium,138583
36,Female,Bachelor's,Sales Executive,11,Education,Bangalore,Medium,103137
59,Male,High School,Business Analyst,13,IT,Mumbai,Small,117248
55,Male,Master's,Data Analyst,6,Finance,Bangalore,Medium,94176
60,Female,High School,Project Manager,0,Finance,Hyderabad,Large,75077
31,Male,Master's,Network Engineer,7,Finance,Mumbai,Medium,100638
51,Male,PhD,Business Analyst,22,IT,Delhi,Medium,182211
21,Female,PhD,UI/UX Designer,0,Manufacturing,Bangalore,Medium,75976
56,Male,PhD,Software Engineer,4,Retail,Bangalore,Medium,94800
36,Female,Master's,DevOps Engineer,15,IT,Bangalore,Large,161531
58,Male,High School,Data Scientist,3,Manufacturing,Bangalore,Small,66737
37,Female,Master's,Data Scientist,5,Education,Hyderabad,Small,92454
57,Female,Bachelor's,Marketing Executive,25,Retail,Chennai,Medium,164897
37,Female,PhD,Marketing Executive,8,Manufacturing,Bangalore,Small,97194
38,Female,High School,Data Analyst,9,Retail,Hyderabad,Large,96898
34,Female,PhD,HR Manager,6,Retail,Hyderabad,Large,104365
24,Female,High School,DevOps Engineer,1,Retail,Bangalore,Medium,67904
40,Male,Master's,Business Analyst,3,IT,Chennai,Medium,86216
22,Male,Master's,UI/UX Designer,0,Retail,Bangalore,Small,55302
38,Male,High School,Data Analyst,1,Finance,Mumbai,Small,54876
21,Female,High School,Accountant,0,Education,Mumbai,Medium,48911
23,Male,PhD,UI/UX Designer,0,Manufacturing,Mumbai,Medium,78904
36,Male,PhD,Data Scientist,14,Manufacturing,Pune,Medium,152916
47,Male,PhD,DevOps Engineer,20,IT,Delhi,Medium,178536
52,Female,High School,Project Manager,4,Retail,Pune,Large,90190
24,Male,High School,Accountant,2,Education,Pune,Small,45705
31,Female,Master's,UI/UX Designer,6,Healthcare,Mumbai,Medium,96655
40,Male,High School,Sales Executive,3,IT,Chennai,Large,84481
22,Female,Master's,Network Engineer,1,IT,Pune,Large,81753
35,Female,Bachelor's,Marketing Executive,9,Manufacturing,Hyderabad,Large,98369
28,Male,High School,DevOps Engineer,8,Healthcare,Pune,Large,108077
46,Female,Bachelor's,Network Engineer,17,Education,Mumbai,Small,122042
32,Female,Master's,HR Manager,1,IT,Pune,Small,63769
42,Female,PhD,Software Engineer,5,Finance,Bangalore,Small,100861
22,Male,PhD,Marketing Executive,2,Healthcare,Pune,Small,76887
35,Male,Master's,Accountant,6,Finance,Pune,Medium,89354
21,Female,Master's,Business Analyst,1,Finance,Chennai,Small,68603
42,Female,PhD,Network Engineer,8,Finance,Delhi,Large,122000
22,Male,High School,Project Manager,0,IT,Hyderabad,Small,58103
26,Female,Master's,Marketing Executive,4,Retail,Delhi,Large,89277
58,Female,Bachelor's,Marketing Executive,0,Retail,Mumbai,Small,45076
26,Female,PhD,DevOps Engineer,6,IT,Bangalore,Small,112730
53,Female,High School,Network Engineer,14,Healthcare,Hyderabad,Small,110258
21,Female,High School,Sales Executive,1,Healthcare,Pune,Small,44921
36,Female,PhD,Accountant,14,Healthcare,Hyderabad,Large,147614
50,Male,PhD,Software Engineer,14,IT,Mumbai,Medium,148081
41,Male,PhD,UI/UX Designer,20,Manufacturing,Delhi,Small,159740
36,Female,Bachelor's,HR Manager,1,Finance,Chennai,Large,76892
42,Female,Master's,Marketing Executive,15,IT,Hyderabad,Medium,138238
23,Male,PhD,DevOps Engineer,2,Finance,Hyderabad,Large,108643
45,Female,Master's,Project Manager,0,Finance,Mumbai,Small,73737
58,Male,Master's,Business Analyst,11,Education,Hyderabad,Small,101339
51,Female,PhD,Sales Executive,18,Healthcare,Mumbai,Medium,153752
47,Male,PhD,Data Scientist,10,Retail,Pune,Medium,127726
45,Male,Bachelor's,Project Manager,21,Retail,Chennai,Medium,155829
58,Female,Master's,UI/UX Designer,0,Education,Pune,Medium,57186
48,Male,Bachelor's,UI/UX Designer,12,Manufacturing,Mumbai,Small,107509
29,Female,PhD,Software Engineer,6,Retail,Mumbai,Medium,104193
59,Female,PhD,Software Engineer,11,Manufacturing,Bangalore,Large,133864
45,Female,PhD,Business Analyst,7,Retail,Bangalore,Large,112642
26,Female,PhD,HR Manager,0,Healthcare,Hyderabad,Small,63824
32,Female,High School,Sales Executive,10,Retail,Delhi,Small,81304
31,Male,Bachelor's,UI/UX Designer,3,Finance,Hyderabad,Small,73156
35,Male,Master's,Sales Executive,8,IT,Mumbai,Large,115190
57,Female,Bachelor's,UI/UX Designer,8,IT,Mumbai,Large,109138
33,Female,PhD,Accountant,5,Education,Chennai,Small,78980
29,Male,Master's,HR Manager,8,Education,Delhi,Small,88267
37,Male,Master's,Project Manager,8,Retail,Mumbai,Medium,102747
28,Female,High School,Project Manager,8,Finance,Chennai,Medium,98345
54,Female,High School,Marketing Executive,25,Finance,Mumbai,Medium,161662
44,Female,High School,Business Analyst,10,Retail,Mumbai,Large,111918
46,Male,Bachelor's,Software Engineer,0,Finance,Delhi,Large,72765
28,Female,High School,Business Analyst,3,IT,Hyderabad,Large,90678
46,Female,Bachelor's,Network Engineer,13,Retail,Delhi,Small,109771
54,Male,PhD,Data Scientist,24,Retail,Mumbai,Small,184122
31,Female,Master's,Sales Executive,4,Finance,Pune,Small,79460
46,Male,Master's,Data Analyst,9,Education,Hyderabad,Small,91494
55,Male,High School,Business Analyst,17,IT,Hyderabad,Medium,135177
32,Male,PhD,Project Manager,8,Healthcare,Delhi,Small,107347
30,Male,Bachelor's,DevOps Engineer,10,Manufacturing,Delhi,Small,107013
44,Female,Master's,Project Manager,9,IT,Mumbai,Medium,117752
25,Female,Master's,Sales Executive,0,Education,Bangalore,Medium,52293
27,Female,Bachelor's,Sales Executive,5,Manufacturing,Delhi,Large,84642
38,Female,High School,HR Manager,5,Manufacturing,Mumbai,Small,68258
42,Female,Bachelor's,HR Manager,9,IT,Pune,Medium,100822
36,Female,PhD,Accountant,6,Manufacturing,Delhi,Small,85802
26,Male,Master's,Marketing Executive,6,Education,Pune,Small,72204
46,Female,High School,Project Manager,15,Manufacturing,Delhi,Large,140694
27,Male,High School,Data Analyst,7,Healthcare,Hyderabad,Large,99765
48,Male,PhD,UI/UX Designer,15,Finance,Hyderabad,Large,158240
25,Female,Bachelor's,Software Engineer,4,IT,Pune,Small,75069
36,Male,Bachelor's,Network Engineer,7,Education,Hyderabad,Medium,88308
58,Female,Bachelor's,Network Engineer,10,IT,Chennai,Large,120287
28,Male,PhD,HR Manager,1,Retail,Delhi,Medium,74127
59,Male,High School,Business Analyst,5,Healthcare,Mumbai,Medium,79575
32,Female,PhD,HR Manager,4,Retail,Mumbai,Small,77134
43,Male,High School,Accountant,19,Retail,Bangalore,Large,140413
40,Female,PhD,DevOps Engineer,20,Education,Bangalore,Large,183554
51,Male,Master's,Project Manager,5,Finance,Delhi,Medium,100113
40,Female,PhD,Accountant,19,Education,Bangalore,Large,164429
51,Male,Master's,Sales Executive,3,Manufacturing,Chennai,Small,63067
60,Male,High School,HR Manager,18,Healthcare,Pune,Large,142863
29,Male,PhD,Network Engineer,4,Education,Hyderabad,Large,94816
57,Female,High School,Network Engineer,9,IT,Mumbai,Large,113412
35,Female,PhD,Data Scientist,15,Healthcare,Bangalore,Medium,153767
29,Female,Master's,Network Engineer,5,Finance,Hyderabad,Small,88323
35,Male,High School,DevOps Engineer,1,Healthcare,Delhi,Small,60940
30,Male,Bachelor's,Data Analyst,7,Manufacturing,Hyderabad,Medium,86486
46,Male,High School,Project Manager,9,Education,Chennai,Medium,92688
25,Female,Master's,Data Scientist,4,Retail,Bangalore,Small,88642
38,Male,Master's,Data Scientist,14,Finance,Pune,Large,155292
60,Female,PhD,DevOps Engineer,13,Education,Mumbai,Small,130582
59,Female,Bachelor's,Data Scientist,0,Education,Bangalore,Large,79618
36,Male,Master's,Software Engineer,12,IT,Delhi,Small,125914
57,Female,High School,DevOps Engineer,0,Manufacturing,Hyderabad,Medium,64426
47,Female,Master's,Project Manager,2,Finance,Mumbai,Large,95086
41,Male,Master's,UI/UX Designer,10,IT,Delhi,Medium,117072
28,Male,PhD,Network Engineer,6,Finance,Delhi,Large,118092
49,Female,Master's,Network Engineer,11,Finance,Pune,Small,109287
57,Male,High School,Project Manager,12,Healthcare,Bangalore,Large,126681
32,Female,PhD,Accountant,8,Manufacturing,Bangalore,Medium,105246
36,Male,High School,HR Manager,16,Finance,Hyderabad,Medium,126542
42,Female,Bachelor's,Software Engineer,7,Finance,Bangalore,Medium,93162
32,Female,Master's,Business Analyst,2,Healthcare,Hyderabad,Large,86127
50,Female,High School,HR Manager,5,Finance,Chennai,Small,65689
46,Male,Bachelor's,HR Manager,1,Finance,Chennai,Small,59486
26,Female,Master's,Marketing Executive,2,Retail,Mumbai,Small,53857
38,Female,Bachelor's,UI/UX Designer,4,Manufacturing,Delhi,Medium,77443
40,Female,High School,Network Engineer,2,Retail,Bangalore,Medium,55435
29,Male,Bachelor's,Accountant,5,IT,Mumbai,Large,99107
26,Male,Bachelor's,DevOps Engineer,6,Healthcare,Hyderabad,Medium,96080
60,Female,High School,Network Engineer,8,Manufacturing,Mumbai,Small,83146
41,Male,PhD,Data Analyst,11,Education,Mumbai,Small,115936
29,Female,PhD,HR Manager,4,IT,Mumbai,Small,87197
25,Male,Master's,DevOps Engineer,5,Education,Bangalore,Medium,88651
21,Male,PhD,Data Analyst,1,Healthcare,Hyderabad,Medium,76396
41,Female,PhD,Accountant,19,Healthcare,Delhi,Large,173259
49,Female,High School,Project Manager,14,Finance,Delhi,Small,115392
53,Female,High School,Data Analyst,1,IT,Hyderabad,Medium,61073
24,Male,Bachelor's,Business Analyst,1,Retail,Pune,Large,76313
59,Female,High School,Project Manager,6,Education,Delhi,Small,74982
56,Female,High School,Sales Executive,16,Retail,Mumbai,Large,124451
54,Male,Master's,Sales Executive,21,Retail,Hyderabad,Medium,157186
45,Female,PhD,Accountant,10,Retail,Bangalore,Medium,111885
54,Male,High School,Business Analyst,1,Finance,Delhi,Medium,59529
56,Female,Master's,Business Analyst,3,Finance,Delhi,Small,75953
43,Male,Master's,Software Engineer,13,Education,Pune,Small,118240
35,Female,PhD,Network Engineer,1,Education,Pune,Large,82191
37,Female,Master's,Network Engineer,11,Retail,Bangalore,Medium,107801
37,Female,PhD,Project Manager,12,Retail,Hyderabad,Medium,137631
53,Female,PhD,Business Analyst,23,Healthcare,Hyderabad,Large,195551
27,Female,PhD,Project Manager,1,Healthcare,Mumbai,Small,85455
44,Male,Bachelor's,Project Manager,12,Finance,Hyderabad,Large,136190
34,Female,Bachelor's,Software Engineer,9,Manufacturing,Hyderabad,Small,96171
43,Female,Master's,HR Manager,13,Finance,Mumbai,Large,138398
36,Female,Bachelor's,Data Analyst,0,Education,Mumbai,Large,60773
58,Female,Bachelor's,Sales Executive,25,IT,Chennai,Medium,171018
21,Female,Bachelor's,Project Manager,0,Manufacturing,Hyderabad,Small,56752
42,Male,High School,UI/UX Designer,10,IT,Chennai,Medium,109311
23,Female,PhD,Sales Executive,1,Manufacturing,Mumbai,Small,63713
40,Female,High School,Sales Executive,12,Finance,Hyderabad,Small,98075
54,Female,High School,Software Engineer,7,IT,Pune,Small,85160
41,Female,Master's,Network Engineer,5,Finance,Hyderabad,Medium,88242
49,Male,PhD,Marketing Executive,18,Healthcare,Mumbai,Medium,155388
60,Female,Bachelor's,Marketing Executive,15,IT,Pune,Large,135068
30,Male,Bachelor's,Business Analyst,5,Healthcare,Delhi,Medium,79568
31,Male,Bachelor's,Software Engineer,2,Finance,Bangalore,Medium,75099
45,Male,PhD,Business Analyst,23,IT,Bangalore,Medium,189545
54,Male,High School,Project Manager,18,IT,Pune,Large,162304
21,Male,High School,Sales Executive,1,Education,Mumbai,Small,39444
34,Female,Bachelor's,Business Analyst,9,Retail,Pune,Medium,101461
60,Male,PhD,HR Manager,1,Education,Hyderabad,Medium,76260
46,Male,Master's,Accountant,19,Healthcare,Chennai,Medium,143742
30,Female,Master's,DevOps Engineer,2,Retail,Bangalore,Medium,79135
25,Female,PhD,HR Manager,1,Education,Hyderabad,Medium,69180
35,Female,High School,Accountant,2,IT,Delhi,Small,59236
58,Female,High School,Project Manager,25,IT,Pune,Small,167604
45,Male,High School,Project Manager,2,Education,Hyderabad,Large,72670
58,Male,Bachelor's,DevOps Engineer,25,Healthcare,Mumbai,Large,191477
52,Female,Bachelor's,Project Manager,13,IT,Hyderabad,Small,119786
38,Male,Bachelor's,Data Analyst,2,Retail,Hyderabad,Small,56112
21,Female,High School,DevOps Engineer,1,Manufacturing,Bangalore,Small,55397
49,Female,High School,Project Manager,18,Healthcare,Mumbai,Small,136784
21,Female,High School,Sales Executive,1,Education,Hyderabad,Medium,53127
34,Female,High School,HR Manager,1,IT,Chennai,Medium,61952
41,Female,Bachelor's,Data Scientist,15,Education,Chennai,Large,149324
38,Male,PhD,DevOps Engineer,1,Healthcare,Hyderabad,Small,84868
37,Male,PhD,Software Engineer,8,Retail,Bangalore,Small,101747
46,Female,Master's,Data Analyst,23,Finance,Delhi,Medium,168660
21,Female,High School,HR Manager,1,Finance,Mumbai,Medium,58329
25,Male,High School,Marketing Executive,5,Education,Mumbai,Small,54093
26,Male,PhD,UI/UX Designer,0,Healthcare,Chennai,Medium,74715
41,Male,PhD,Software Engineer,7,Education,Chennai,Small,97102
49,Female,PhD,Business Analyst,9,Retail,Chennai,Large,130066
54,Female,Master's,Accountant,18,Healthcare,Pune,Small,131198
36,Male,High School,Software Engineer,12,IT,Mumbai,Medium,113176
49,Female,Bachelor's,UI/UX Designer,15,Education,Chennai,Large,137256
33,Male,Bachelor's,Software Engineer,12,Education,Pune,Small,99210
49,Male,PhD,Software Engineer,3,IT,Chennai,Large,106288
26,Female,Master's,Project Manager,2,IT,Chennai,Medium,91335
38,Female,Bachelor's,HR Manager,7,Manufacturing,Delhi,Large,100751
47,Male,Master's,Marketing Executive,22,Finance,Bangalore,Large,175865
22,Female,Bachelor's,Marketing Executive,0,Finance,Hyderabad,Small,53595
58,Female,PhD,UI/UX Designer,5,Education,Chennai,Small,83329
60,Female,PhD,HR Manager,15,IT,Mumbai,Small,141505
30,Female,PhD,DevOps Engineer,4,Manufacturing,Bangalore,Small,97618
45,Female,Bachelor's,Network Engineer,10,Finance,Mumbai,Large,121067
50,Female,High School,Project Manager,21,Manufacturing,Hyderabad,Small,150945
33,Male,High School,Business Analyst,12,Retail,Mumbai,Medium,109052
21,Male,Master's,Accountant,1,Manufacturing,Hyderabad,Medium,65733
50,Male,Bachelor's,Data Analyst,19,Manufacturing,Hyderabad,Medium,143054
22,Female,Bachelor's,Marketing Executive,1,Healthcare,Mumbai,Medium,56918
58,Female,PhD,Software Engineer,17,IT,Chennai,Large,172408
52,Male,Bachelor's,Network Engineer,0,Manufacturing,Bangalore,Medium,59789
27,Female,PhD,DevOps Engineer,6,Retail,Bangalore,Medium,106066
59,Female,High School,Marketing Executive,20,IT,Pune,Small,132878
21,Male,High School,Data Analyst,0,Manufacturing,Delhi,Small,44352
48,Female,PhD,Data Analyst,2,Retail,Mumbai,Small,72134
60,Male,High School,Data Scientist,20,IT,Bangalore,Small,159110
53,Male,Bachelor's,Accountant,4,Healthcare,Delhi,Medium,78186
46,Male,Bachelor's,HR Manager,15,Manufacturing,Bangalore,Small,113820
37,Male,High School,Business Analyst,16,Manufacturing,Mumbai,Large,138761
44,Male,PhD,Data Analyst,10,Retail,Bangalore,Small,112688
56,Female,Bachelor's,Software Engineer,4,Education,Bangalore,Small,66709
28,Male,PhD,Data Analyst,7,Manufacturing,Delhi,Large,110976
30,Female,PhD,Project Manager,3,IT,Delhi,Large,118454
36,Male,Bachelor's,Marketing Executive,13,Manufacturing,Pune,Large,122280
50,Male,Master's,Software Engineer,13,Finance,Bangalore,Small,126864
35,Female,Master's,Data Scientist,5,Retail,Bangalore,Large,109941
27,Female,PhD,Network Engineer,2,Finance,Mumbai,Large,102912
60,Female,Master's,Data Scientist,18,Finance,Chennai,Small,154214
37,Female,Master's,HR Manager,9,Manufacturing,Delhi,Medium,105811
28,Female,High School,Project Manager,1,Finance,Bangalore,Small,60718
22,Male,High School,Marketing Executive,2,Retail,Mumbai,Medium,54471
41,Female,High School,UI/UX Designer,11,Education,Delhi,Small,95194
51,Male,High School,Data Scientist,19,Healthcare,Pune,Small,139759
38,Male,Bachelor's,Business Analyst,12,Finance,Hyderabad,Medium,120501
46,Female,High School,HR Manager,23,Finance,Bangalore,Medium,154687
55,Female,High School,Data Scientist,25,Retail,Chennai,Medium,178174
35,Female,Bachelor's,Network Engineer,14,Healthcare,Mumbai,Large,132673
25,Male,Bachelor's,Project Manager,4,Manufacturing,Mumbai,Medium,79204
25,Female,Bachelor's,Sales Executive,3,Education,Hyderabad,Small,52931
43,Female,PhD,Sales Executive,12,IT,Hyderabad,Small,128103
39,Male,Bachelor's,HR Manager,5,IT,Hyderabad,Large,96422
46,Male,High School,DevOps Engineer,7,Retail,Delhi,Small,82640
56,Female,PhD,HR Manager,4,Finance,Hyderabad,Small,90547
54,Female,High School,Data Scientist,6,Manufacturing,Mumbai,Small,84785
39,Male,Master's,Data Scientist,17,Finance,Hyderabad,Medium,153607
25,Female,PhD,Software Engineer,4,Retail,Chennai,Small,84151
25,Male,Bachelor's,Business Analyst,3,Retail,Delhi,Medium,72980
41,Female,Bachelor's,Network Engineer,2,Manufacturing,Delhi,Medium,66439
26,Male,High School,Software Engineer,5,Healthcare,Hyderabad,Small,71473
55,Male,Master's,DevOps Engineer,24,Finance,Bangalore,Medium,185407
24,Male,Bachelor's,Sales Executive,0,IT,Mumbai,Small,51942
41,Male,Bachelor's,DevOps Engineer,1,Manufacturing,Pune,Small,61619
38,Male,Master's,HR Manager,4,Education,Chennai,Small,71122
57,Female,High School,Network Engineer,4,IT,Mumbai,Large,86622
28,Female,PhD,Network Engineer,6,Education,Pune,Medium,93151
36,Male,High School,Project Manager,6,Healthcare,Chennai,Medium,84309
45,Male,PhD,Sales Executive,3,Healthcare,Pune,Medium,81001
55,Male,Master's,DevOps Engineer,9,Healthcare,Pune,Small,108893
27,Male,PhD,Project Manager,7,Finance,Pune,Medium,121949
21,Female,Master's,Data Analyst,0,IT,Chennai,Small,59297
60,Male,PhD,Network Engineer,25,Retail,Delhi,Medium,182697
28,Male,Bachelor's,DevOps Engineer,5,Healthcare,Chennai,Small,81164
29,Female,High School,Marketing Executive,8,Retail,Pune,Small,75291
40,Female,Master's,Project Manager,7,Manufacturing,Hyderabad,Large,116641
46,Female,Master's,DevOps Engineer,5,Manufacturing,Bangalore,Large,102265
27,Female,High School,Marketing Executive,1,Finance,Chennai,Medium,54474
50,Female,Bachelor's,Sales Executive,14,IT,Bangalore,Small,115527
55,Male,High School,HR Manager,18,IT,Chennai,Medium,143715
51,Male,PhD,Data Analyst,3,Healthcare,Bangalore,Small,82528
42,Male,Master's,UI/UX Designer,22,Manufacturing,Chennai,Large,169740
41,Male,PhD,Business Analyst,11,Healthcare,Mumbai,Medium,125252
33,Female,PhD,Network Engineer,12,Retail,Bangalore,Small,118428
50,Male,Bachelor's,Business Analyst,13,Healthcare,Chennai,Large,126937
45,Male,Master's,Accountant,0,Retail,Mumbai,Small,51711
31,Female,High School,HR Manager,2,Finance,Mumbai,Large,69995
21,Male,Master's,Business Analyst,0,Education,Delhi,Large,71128
53,Female,Bachelor's,Software Engineer,20,Manufacturing,Mumbai,Medium,146733
28,Male,PhD,Network Engineer,3,Retail,Bangalore,Medium,85879
46,Female,Bachelor's,HR Manager,1,Retail,Delhi,Medium,54884
53,Female,PhD,Accountant,11,Manufacturing,Hyderabad,Large,129347
57,Male,PhD,DevOps Engineer,14,Finance,Hyderabad,Large,157066
51,Female,PhD,Network Engineer,7,Healthcare,Pune,Large,117033
41,Female,Master's,Project Manager,14,Healthcare,Hyderabad,Small,130602
58,Female,PhD,Data Scientist,5,Education,Delhi,Medium,105305
40,Male,Master's,Network Engineer,14,IT,Delhi,Medium,134245
36,Male,Bachelor's,Network Engineer,10,Retail,Chennai,Large,112570
59,Male,PhD,Marketing Executive,22,Retail,Chennai,Medium,169140
42,Male,High School,Sales Executive,13,Education,Pune,Medium,103523
23,Male,Bachelor's,Software Engineer,3,Education,Delhi,Large,83134
50,Male,High School,UI/UX Designer,12,Manufacturing,Bangalore,Medium,102042
52,Male,Bachelor's,Sales Executive,16,Retail,Bangalore,Small,113233
53,Female,Master's,Software Engineer,10,Finance,Bangalore,Medium,114128
56,Male,High School,DevOps Engineer,10,Finance,Bangalore,Small,105432
41,Female,Bachelor's,Business Analyst,6,Finance,Chennai,Large,98947
39,Male,PhD,Data Scientist,19,Healthcare,Pune,Large,182586
29,Female,Bachelor's,Project Manager,2,Education,Mumbai,Small,64944
60,Female,High School,Network Engineer,10,Finance,Delhi,Medium,103031
43,Female,PhD,Software Engineer,22,Finance,Hyderabad,Small,169860
51,Female,High School,HR Manager,8,Education,Chennai,Medium,87234
38,Male,PhD,Data Analyst,15,Finance,Hyderabad,Large,161282
26,Female,Bachelor's,Business Analyst,5,Manufacturing,Delhi,Small,74823
22,Male,PhD,Data Analyst,1,Finance,Bangalore,Small,70932
44,Female,Master's,Project Manager,12,Education,Pune,Large,132068
21,Female,Master's,Marketing Executive,1,Healthcare,Chennai,Large,71336
29,Female,Bachelor's,DevOps Engineer,6,Healthcare,Mumbai,Small,91166
52,Female,Master's,HR Manager,24,Finance,Delhi,Small,168716
33,Male,High School,Project Manager,9,Manufacturing,Mumbai,Small,96012
32,Male,Bachelor's,Sales Executive,11,Retail,Mumbai,Large,112448
57,Female,Bachelor's,UI/UX Designer,0,Finance,Bangalore,Small,56136
42,Male,High School,Sales Executive,21,IT,Mumbai,Large,162572
50,Male,High School,Marketing Executive,0,Manufacturing,Hyderabad,Small,34914
34,Female,Bachelor's,Project Manager,9,Healthcare,Pune,Small,101650
59,Male,Bachelor's,Data Analyst,15,Education,Bangalore,Large,135531
33,Male,Bachelor's,UI/UX Designer,10,Finance,Pune,Large,122769
31,Male,PhD,UI/UX Designer,9,Retail,Bangalore,Small,106024
35,Male,PhD,Data Analyst,0,Finance,Bangalore,Medium,74911
56,Female,Bachelor's,Accountant,4,Finance,Delhi,Medium,76583
32,Female,High School,Marketing Executive,7,Healthcare,Pune,Large,93544
55,Female,PhD,Data Scientist,17,Retail,Bangalore,Small,151670
30,Male,High School,Data Analyst,2,Finance,Mumbai,Large,75769
37,Male,PhD,Marketing Executive,13,Retail,Pune,Medium,124935
52,Female,High School,Network Engineer,13,Education,Delhi,Small,98846
49,Male,Master's,Marketing Executive,4,Finance,Chennai,Medium,84422
56,Female,Master's,Business Analyst,14,Education,Pune,Large,132230
49,Female,Master's,Sales Executive,0,Healthcare,Mumbai,Medium,57866
48,Female,Bachelor's,Network Engineer,2,Retail,Pune,Large,71509
55,Male,Bachelor's,Sales Executive,9,Retail,Hyderabad,Large,104899
30,Male,High School,DevOps Engineer,6,Manufacturing,Mumbai,Medium,91168
22,Female,Master's,HR Manager,0,Education,Hyderabad,Large,64545
42,Male,PhD,Accountant,12,Retail,Hyderabad,Small,116576
45,Male,PhD,Network Engineer,9,Healthcare,Delhi,Small,111138
58,Female,Bachelor's,Data Analyst,16,Finance,Chennai,Small,124903
44,Male,Master's,Data Analyst,21,Education,Hyderabad,Small,151615
37,Male,High School,Accountant,17,Education,Hyderabad,Large,135221
21,Female,PhD,Data Analyst,1,Healthcare,Bangalore,Small,75156
27,Male,PhD,Project Manager,0,IT,Chennai,Small,83957
56,Female,Master's,DevOps Engineer,18,Education,Pune,Medium,149484
39,Male,High School,UI/UX Designer,13,IT,Chennai,Small,107073
57,Female,High School,UI/UX Designer,0,Education,Hyderabad,Small,46097
44,Female,Bachelor's,Software Engineer,0,Healthcare,Hyderabad,Small,53735
57,Male,Bachelor's,UI/UX Designer,15,Manufacturing,Bangalore,Large,131036
26,Female,Bachelor's,Network Engineer,0,Education,Chennai,Large,63407
50,Female,Master's,UI/UX Designer,21,Finance,Pune,Medium,169248
49,Female,Master's,Project Manager,23,Finance,Chennai,Small,171725
31,Female,Master's,Data Analyst,0,Education,Chennai,Small,51460
49,Male,High School,UI/UX Designer,9,Healthcare,Hyderabad,Small,90013
60,Female,Bachelor's,Business Analyst,24,Education,Mumbai,Large,176214
55,Female,PhD,Software Engineer,3,Retail,Chennai,Medium,84948
50,Female,High School,Marketing Executive,9,Retail,Chennai,Large,98957
53,Male,Master's,Project Manager,2,Retail,Pune,Small,69464
42,Female,PhD,Data Scientist,16,Healthcare,Delhi,Small,155277
37,Female,Master's,Software Engineer,8,Retail,Pune,Large,109425
32,Male,Master's,HR Manager,4,Healthcare,Bangalore,Medium,78592
28,Male,High School,DevOps Engineer,1,Retail,Chennai,Large,78252
37,Female,PhD,Accountant,13,Retail,Pune,Large,142272
35,Male,High School,HR Manager,5,Healthcare,Pune,Medium,77693
34,Female,PhD,DevOps Engineer,0,Manufacturing,Bangalore,Large,97714
21,Male,Bachelor's,Data Scientist,0,Manufacturing,Mumbai,Medium,70671
60,Male,Bachelor's,Software Engineer,15,Healthcare,Chennai,Medium,133911
54,Female,High School,DevOps Engineer,15,Retail,Bangalore,Small,122208
37,Female,Master's,Business Analyst,17,Healthcare,Mumbai,Small,135359
58,Female,PhD,Data Analyst,7,Education,Delhi,Large,115273
32,Female,Master's,Sales Executive,1,IT,Mumbai,Small,65004
55,Female,Master's,Marketing Executive,1,Finance,Pune,Small,62807
48,Female,PhD,Network Engineer,19,Retail,Pune,Medium,157917
39,Male,Master's,Accountant,8,Healthcare,Mumbai,Medium,97860
38,Male,High School,Network Engineer,0,Finance,Delhi,Large,68814
21,Male,PhD,Data Scientist,1,Manufacturing,Mumbai,Medium,96026
34,Male,PhD,HR Manager,4,Retail,Pune,Small,77509
38,Female,Master's,Project Manager,16,Education,Pune,Small,133725
47,Male,High School,Marketing Executive,3,Education,Pune,Medium,54667
36,Female,PhD,Software Engineer,1,Manufacturing,Mumbai,Medium,84994
22,Male,Bachelor's,Data Analyst,1,Education,Hyderabad,Small,52864
40,Male,Bachelor's,Software Engineer,7,Finance,Mumbai,Large,109561
25,Female,PhD,UI/UX Designer,4,Manufacturing,Bangalore,Medium,95480
43,Male,Bachelor's,Data Analyst,13,IT,Bangalore,Large,131935
55,Female,High School,Business Analyst,22,Retail,Bangalore,Large,165840
24,Female,PhD,Data Analyst,3,Healthcare,Delhi,Medium,92866
42,Female,PhD,Sales Executive,16,Finance,Chennai,Medium,146857
26,Male,High School,Data Scientist,4,Manufacturing,Pune,Large,93547
29,Female,Bachelor's,UI/UX Designer,1,Retail,Delhi,Large,72590
58,Female,Master's,Network Engineer,1,Healthcare,Mumbai,Large,78377
55,Male,Bachelor's,DevOps Engineer,16,Retail,Chennai,Medium,137379
30,Male,Bachelor's,Data Analyst,0,Manufacturing,Bangalore,Large,70853
56,Male,High School,DevOps Engineer,14,Finance,Bangalore,Large,135274
34,Male,PhD,Sales Executive,13,Retail,Mumbai,Medium,128750
51,Female,PhD,Data Scientist,17,Education,Pune,Large,168549
51,Male,PhD,DevOps Engineer,4,Education,Hyderabad,Large,106450
21,Male,PhD,Accountant,1,Finance,Chennai,Medium,75618
47,Female,Bachelor's,HR Manager,5,Healthcare,Delhi,Large,90533
51,Male,Master's,Sales Executive,7,Finance,Bangalore,Large,108920
52,Female,High School,Software Engineer,20,Healthcare,Chennai,Small,142695
43,Male,PhD,HR Manager,22,IT,Bangalore,Medium,176073
31,Male,Master's,Business Analyst,8,IT,Chennai,Large,120170
23,Male,Master's,Marketing Executive,1,Healthcare,Chennai,Medium,69983
49,Female,High School,Project Manager,14,IT,Hyderabad,Medium,135140
55,Female,Master's,Network Engineer,2,Education,Delhi,Medium,72540
35,Female,Master's,Sales Executive,12,Retail,Hyderabad,Medium,115436
37,Male,PhD,DevOps Engineer,13,Finance,Bangalore,Small,135655
31,Female,Master's,Marketing Executive,4,Retail,Mumbai,Large,80475
21,Female,Bachelor's,HR Manager,1,Manufacturing,Pune,Medium,64046
58,Female,Master's,Data Scientist,21,Education,Chennai,Small,162259
22,Male,Master's,HR Manager,2,IT,Hyderabad,Small,69692
36,Female,High School,DevOps Engineer,16,IT,Bangalore,Large,148492
45,Male,Bachelor's,HR Manager,4,Healthcare,Mumbai,Large,85250
56,Male,High School,Software Engineer,24,Retail,Delhi,Small,153996
34,Female,PhD,Project Manager,3,Finance,Chennai,Medium,95846
29,Female,PhD,Data Scientist,7,Retail,Mumbai,Small,109741
44,Female,PhD,UI/UX Designer,19,Retail,Chennai,Medium,159290
52,Male,Master's,Network Engineer,10,Retail,Chennai,Medium,107613
41,Male,Bachelor's,DevOps Engineer,20,Manufacturing,Mumbai,Small,151259
28,Female,Master's,Project Manager,4,IT,Pune,Small,87628
41,Male,Master's,Data Scientist,4,IT,Mumbai,Large,109217
46,Male,Master's,Data Analyst,20,IT,Pune,Large,168516
40,Male,PhD,Project Manager,11,Manufacturing,Chennai,Medium,127483
34,Female,Bachelor's,Business Analyst,0,Manufacturing,Mumbai,Large,72589
33,Female,Bachelor's,Project Manager,0,IT,Bangalore,Large,81964
32,Male,High School,Data Scientist,11,Manufacturing,Chennai,Medium,112332
58,Female,PhD,HR Manager,6,Healthcare,Delhi,Small,89478
32,Male,High School,Accountant,12,IT,Chennai,Large,121793
51,Male,Master's,Network Engineer,18,Retail,Hyderabad,Large,152625
51,Male,Master's,Data Analyst,19,Finance,Delhi,Small,146823
40,Male,High School,Data Analyst,13,Retail,Pune,Small,98841
40,Male,Master's,Accountant,7,Manufacturing,Chennai,Medium,90811
34,Female,PhD,DevOps Engineer,9,Finance,Mumbai,Medium,125928
32,Male,Bachelor's,Project Manager,7,Finance,Hyderabad,Small,88924
31,Male,High School,DevOps Engineer,9,Manufacturing,Bangalore,Large,111166
23,Male,Master's,Network Engineer,0,Healthcare,Pune,Small,61612
59,Female,High School,Network Engineer,1,Education,Delhi,Medium,54405
31,Male,High School,Network Engineer,3,IT,Delhi,Large,86907
30,Male,Bachelor's,HR Manager,1,Healthcare,Mumbai,Large,68041
49,Male,Bachelor's,Sales Executive,4,Manufacturing,Mumbai,Medium,70921
25,Male,High School,Software Engineer,3,Manufacturing,Bangalore,Large,75386
53,Male,PhD,Project Manager,25,IT,Chennai,Small,193418
34,Female,Bachelor's,Software Engineer,12,Finance,Chennai,Medium,121042
22,Female,High School,Project Manager,1,Retail,Mumbai,Medium,58450
52,Female,Master's,DevOps Engineer,14,Finance,Chennai,Large,149490
35,Male,PhD,DevOps Engineer,2,Finance,Hyderabad,Medium,96208
52,Male,High School,Data Analyst,20,Manufacturing,Delhi,Large,152168
49,Male,Bachelor's,Network Engineer,0,Retail,Mumbai,Small,48955
46,Female,High School,Software Engineer,14,Healthcare,Pune,Large,131596
59,Male,PhD,UI/UX Designer,12,Retail,Bangalore,Large,136060
34,Female,PhD,Software Engineer,11,IT,Mumbai,Small,130067
21,Female,PhD,Data Analyst,0,Healthcare,Delhi,Small,66242
36,Female,Bachelor's,Project Manager,5,Finance,Hyderabad,Medium,96257
52,Male,Master's,DevOps Engineer,9,Retail,Delhi,Large,120303
36,Female,Master's,Network Engineer,14,Manufacturing,Hyderabad,Large,135055
30,Female,Master's,Accountant,8,Manufacturing,Bangalore,Large,111017
42,Male,Master's,Marketing Executive,8,IT,Bangalore,Large,117438
47,Male,High School,HR Manager,25,Healthcare,Pune,Small,158518
52,Female,Bachelor's,Accountant,17,Manufacturing,Mumbai,Small,126717
33,Male,Bachelor's,Accountant,2,IT,Hyderabad,Medium,72737
37,Female,Master's,Accountant,14,Healthcare,Mumbai,Medium,129474
48,Male,PhD,DevOps Engineer,23,Healthcare,Hyderabad,Medium,192546
26,Female,High School,Sales Executive,1,Finance,Hyderabad,Medium,58155
31,Female,PhD,Business Analyst,9,Education,Hyderabad,Small,107371
53,Female,High School,Accountant,9,IT,Hyderabad,Large,106646
26,Female,PhD,Data Scientist,2,Retail,Hyderabad,Large,102509
45,Male,High School,Sales Executive,2,Retail,Mumbai,Small,47028
45,Male,Bachelor's,Sales Executive,0,IT,Hyderabad,Large,72548
22,Female,Master's,Marketing Executive,1,Manufacturing,Delhi,Medium,64244
37,Female,PhD,Accountant,5,Finance,Mumbai,Large,107292
52,Female,High School,Project Manager,14,IT,Bangalore,Medium,131157
38,Male,Master's,UI/UX Designer,10,Education,Mumbai,Small,97782
21,Male,High School,Network Engineer,0,Education,Delhi,Small,44135
30,Male,PhD,Network Engineer,3,Education,Chennai,Large,91121
49,Female,Bachelor's,Sales Executive,23,Retail,Bangalore,Large,160406
58,Male,PhD,Software Engineer,10,Retail,Bangalore,Medium,124905
57,Male,PhD,UI/UX Designer,2,Healthcare,Hyderabad,Large,92140
33,Female,Master's,Software Engineer,6,Finance,Chennai,Large,113207
38,Female,PhD,Business Analyst,6,IT,Hyderabad,Large,119829
52,Male,Master's,DevOps Engineer,18,Manufacturing,Pune,Medium,154995
32,Female,Master's,Project Manager,9,Healthcare,Pune,Large,126508
57,Female,Master's,Data Scientist,10,IT,Delhi,Large,140795
48,Male,PhD,Marketing Executive,4,Finance,Pune,Small,80839
47,Female,High School,UI/UX Designer,23,Education,Bangalore,Medium,156052
58,Male,Master's,DevOps Engineer,21,Healthcare,Pune,Small,162628
28,Female,Bachelor's,Accountant,6,Finance,Bangalore,Medium,89427
59,Male,High School,UI/UX Designer,15,Manufacturing,Hyderabad,Small,114790
21,Female,High School,Data Scientist,1,Manufacturing,Delhi,Large,80035
49,Female,High School,DevOps Engineer,12,Manufacturing,Bangalore,Small,112277
40,Male,Master's,Data Analyst,17,Manufacturing,Chennai,Small,132634
43,Female,Bachelor's,UI/UX Designer,4,Finance,Mumbai,Small,73885
46,Male,PhD,Network Engineer,21,Retail,Hyderabad,Large,172290
29,Female,Master's,Sales Executive,6,Healthcare,Delhi,Medium,85570
26,Female,Bachelor's,DevOps Engineer,2,Manufacturing,Hyderabad,Large,81614
54,Male,Master's,Data Analyst,25,Manufacturing,Hyderabad,Medium,173400
47,Female,High School,Project Manager,3,Education,Chennai,Medium,66838
27,Male,High School,Network Engineer,3,Education,Chennai,Medium,62447
52,Female,Master's,DevOps Engineer,6,Finance,Bangalore,Medium,105790
56,Male,PhD,Business Analyst,21,IT,Hyderabad,Medium,176908
42,Male,Bachelor's,Marketing Executive,7,IT,Bangalore,Small,87521
31,Female,PhD,Business Analyst,2,Retail,Pune,Small,77649
47,Male,High School,Data Scientist,23,Retail,Mumbai,Medium,170499
34,Female,Master's,Business Analyst,13,IT,Mumbai,Medium,137177
29,Female,High School,Software Engineer,1,Finance,Delhi,Large,69657
58,Male,PhD,Software Engineer,0,Finance,Mumbai,Large,95646
53,Male,PhD,DevOps Engineer,24,Manufacturing,Mumbai,Large,199690
23,Female,High School,Network Engineer,3,Retail,Bangalore,Medium,68229
30,Female,PhD,Business Analyst,10,Manufacturing,Chennai,Large,133707
32,Female,PhD,Marketing Executive,9,IT,Mumbai,Medium,118075
46,Female,PhD,Data Scientist,10,Education,Mumbai,Medium,128524
26,Female,Bachelor's,Accountant,6,IT,Mumbai,Large,102165
51,Female,Master's,Software Engineer,18,IT,Bangalore,Medium,153168
30,Male,Bachelor's,Sales Executive,0,Finance,Mumbai,Large,63955
34,Female,PhD,UI/UX Designer,2,Healthcare,Chennai,Small,80263
35,Female,High School,Network Engineer,7,Manufacturing,Hyderabad,Medium,79142
45,Male,Master's,Data Analyst,7,Education,Pune,Medium,89932
38,Male,PhD,DevOps Engineer,14,Education,Chennai,Small,136613
56,Male,PhD,UI/UX Designer,6,Retail,Pune,Small,92868
34,Female,PhD,Network Engineer,6,Finance,Bangalore,Small,100118
35,Female,Master's,Data Scientist,6,Finance,Pune,Medium,106610
54,Male,PhD,Data Scientist,7,Finance,Mumbai,Large,131551
42,Female,Bachelor's,Data Analyst,18,IT,Bangalore,Small,133871
21,Male,Bachelor's,UI/UX Designer,1,Finance,Chennai,Small,61803
21,Male,Bachelor's,HR Manager,1,Finance,Bangalore,Large,78304
53,Male,Master's,Marketing Executive,6,Education,Delhi,Small,75899
52,Male,High School,Project Manager,17,Education,Bangalore,Medium,138206
54,Female,Master's,UI/UX Designer,25,Manufacturing,Hyderabad,Medium,181861
45,Female,High School,UI/UX Designer,17,Manufacturing,Mumbai,Medium,130341
40,Male,Bachelor's,Data Analyst,9,Healthcare,Mumbai,Large,112095
60,Male,Bachelor's,Sales Executive,21,Healthcare,Hyderabad,Medium,146883
49,Male,PhD,Accountant,6,Retail,Chennai,Large,105310
29,Female,Bachelor's,UI/UX Designer,8,Retail,Hyderabad,Small,88948
50,Female,Bachelor's,UI/UX Designer,21,Finance,Hyderabad,Large,162874
36,Female,High School,Network Engineer,5,Retail,Chennai,Large,83159
44,Male,High School,UI/UX Designer,24,Manufacturing,Delhi,Small,153433
21,Female,PhD,Sales Executive,1,Manufacturing,Delhi,Large,80103
46,Female,PhD,HR Manager,20,Healthcare,Mumbai,Medium,160533
40,Female,PhD,HR Manager,18,Finance,Pune,Large,164458
21,Female,Master's,Data Scientist,0,Healthcare,Bangalore,Medium,76767
30,Female,Master's,Marketing Executive,1,Retail,Mumbai,Small,53332
34,Female,PhD,HR Manager,9,Retail,Pune,Medium,115272
39,Female,Bachelor's,Accountant,0,Retail,Chennai,Medium,53795
44,Female,Master's,HR Manager,13,IT,Mumbai,Small,119058
23,Male,Bachelor's,DevOps Engineer,0,IT,Hyderabad,Large,87663
34,Female,PhD,HR Manager,6,Manufacturing,Delhi,Small,92398
50,Female,Bachelor's,Data Scientist,6,Manufacturing,Bangalore,Medium,96389
57,Male,High School,Sales Executive,6,Manufacturing,Mumbai,Small,71506
28,Female,High School,Project Manager,0,Retail,Pune,Medium,53375
49,Male,Bachelor's,Sales Executive,6,Healthcare,Chennai,Medium,84684
53,Female,Master's,UI/UX Designer,11,Healthcare,Hyderabad,Medium,112454
60,Female,High School,Network Engineer,21,Finance,Mumbai,Small,143294
44,Male,High School,Software Engineer,20,Healthcare,Chennai,Medium,146454
47,Male,Master's,Project Manager,13,Education,Bangalore,Large,141340
49,Male,High School,DevOps Engineer,24,Manufacturing,Chennai,Small,162435
45,Female,Master's,Data Analyst,13,Retail,Bangalore,Medium,122862
49,Female,Bachelor's,Business Analyst,2,Healthcare,Bangalore,Medium,66711
59,Female,Master's,Network Engineer,12,Finance,Pune,Small,112584
41,Female,Bachelor's,HR Manager,1,IT,Pune,Large,77094
46,Female,Bachelor's,Project Manager,25,Finance,Chennai,Small,173614
54,Female,Master's,Data Scientist,12,IT,Bangalore,Small,132371
23,Male,PhD,Data Analyst,1,IT,Pune,Large,94933
42,Male,PhD,Network Engineer,9,Healthcare,Mumbai,Medium,116409
58,Female,High School,HR Manager,25,Education,Mumbai,Medium,159025
50,Male,High School,UI/UX Designer,13,Manufacturing,Hyderabad,Medium,109551
32,Female,Master's,Software Engineer,1,Finance,Delhi,Large,86628
43,Male,PhD,DevOps Engineer,17,Retail,Delhi,Large,172724
23,Male,Master's,Data Analyst,0,Healthcare,Pune,Large,74520
34,Female,Bachelor's,Accountant,5,Education,Delhi,Large,78520
27,Male,Master's,Marketing Executive,3,Manufacturing,Hyderabad,Small,69103
42,Male,Bachelor's,Accountant,15,IT,Hyderabad,Small,119520
39,Male,PhD,Data Analyst,11,Retail,Hyderabad,Medium,122804
26,Male,Master's,Network Engineer,4,Retail,Pune,Small,73572
44,Male,Master's,Marketing Executive,1,IT,Pune,Small,67943
47,Female,PhD,Data Analyst,17,Retail,Mumbai,Large,154758
51,Male,High School,UI/UX Designer,0,Healthcare,Pune,Small,44669
56,Female,Master's,Software Engineer,22,Education,Delhi,Small,151371
30,Female,Bachelor's,HR Manager,9,Finance,Hyderabad,Small,96945
43,Male,Bachelor's,Software Engineer,5,Retail,Chennai,Small,70993
51,Female,High School,Business Analyst,21,Education,Chennai,Large,157813
30,Male,Master's,Accountant,7,IT,Mumbai,Medium,96618
32,Male,Bachelor's,DevOps Engineer,6,IT,Delhi,Small,95362
58,Male,High School,Sales Executive,11,Healthcare,Mumbai,Large,107252
28,Male,PhD,Software Engineer,1,Manufacturing,Hyderabad,Large,88489
29,Female,Bachelor's,HR Manager,3,IT,Bangalore,Medium,81063
53,Female,PhD,Network Engineer,24,Manufacturing,Bangalore,Small,171468
35,Male,Master's,UI/UX Designer,3,Healthcare,Pune,Medium,75830
58,Male,PhD,UI/UX Designer,22,IT,Pune,Medium,181721
43,Male,Master's,Data Scientist,0,IT,Hyderabad,Small,75557
48,Male,High School,Sales Executive,0,Healthcare,Hyderabad,Large,59147
37,Female,High School,Accountant,13,Manufacturing,Hyderabad,Large,114174
37,Female,Bachelor's,Project Manager,1,Education,Pune,Medium,66095
57,Female,High School,Sales Executive,11,IT,Pune,Large,118716
23,Female,Bachelor's,DevOps Engineer,3,Education,Chennai,Medium,79581
59,Female,Bachelor's,UI/UX Designer,17,Retail,Delhi,Large,146863
23,Female,Master's,Data Scientist,3,Retail,Chennai,Small,77844
60,Female,High School,Project Manager,21,Retail,Chennai,Medium,154562
32,Female,Bachelor's,UI/UX Designer,5,Manufacturing,Pune,Medium,82155
45,Male,High School,Network Engineer,19,Healthcare,Bangalore,Small,132901
39,Female,Bachelor's,Accountant,15,Manufacturing,Mumbai,Small,113308
45,Female,Master's,Network Engineer,16,IT,Bangalore,Large,151121
59,Female,PhD,Sales Executive,25,IT,Hyderabad,Medium,187746
55,Male,PhD,Software Engineer,12,Finance,Chennai,Large,145424
46,Female,PhD,Business Analyst,17,Manufacturing,Hyderabad,Small,146555
45,Male,PhD,DevOps Engineer,5,Education,Delhi,Medium,101090
25,Male,PhD,Data Scientist,2,Finance,Hyderabad,Large,111280
30,Female,Bachelor's,HR Manager,4,Healthcare,Bangalore,Medium,70554
21,Male,Master's,Network Engineer,1,Education,Hyderabad,Medium,62269
44,Male,Master's,Data Scientist,1,IT,Delhi,Medium,89914
33,Female,High School,HR Manager,12,Manufacturing,Hyderabad,Large,115086
47,Male,Master's,Network Engineer,0,Retail,Bangalore,Medium,60968
30,Female,High School,Software Engineer,2,Retail,Hyderabad,Small,53229
35,Male,Master's,DevOps Engineer,3,Manufacturing,Hyderabad,Medium,91318
52,Female,Bachelor's,Project Manager,16,Manufacturing,Bangalore,Large,149892
58,Male,Bachelor's,DevOps Engineer,24,Healthcare,Hyderabad,Small,165880
48,Male,Bachelor's,HR Manager,16,IT,Bangalore,Medium,138228
27,Female,High School,UI/UX Designer,0,Retail,Mumbai,Small,40664
47,Female,PhD,Accountant,11,Retail,Mumbai,Small,111424
53,Male,PhD,Project Manager,15,Healthcare,Bangalore,Medium,151423
53,Male,Bachelor's,HR Manager,16,Manufacturing,Mumbai,Large,137153
40,Female,Bachelor's,Data Scientist,9,Manufacturing,Chennai,Small,99412
25,Male,Bachelor's,Accountant,3,IT,Chennai,Small,66624
42,Female,Bachelor's,Accountant,11,Manufacturing,Pune,Small,93102
21,Female,PhD,Sales Executive,1,Education,Mumbai,Medium,67225
55,Female,PhD,Project Manager,4,Healthcare,Delhi,Large,108294
29,Male,PhD,Marketing Executive,0,Finance,Hyderabad,Large,85390
56,Female,Bachelor's,Data Analyst,11,Healthcare,Delhi,Small,97603
27,Female,PhD,Project Manager,0,Manufacturing,Hyderabad,Medium,80602
21,Female,High School,Sales Executive,0,IT,Chennai,Medium,53332
58,Female,PhD,Project Manager,25,Healthcare,Delhi,Medium,195943
34,Male,High School,Network Engineer,3,Retail,Mumbai,Small,56437
35,Female,Bachelor's,Project Manager,7,Retail,Mumbai,Small,89157
22,Female,High School,Software Engineer,0,Manufacturing,Bangalore,Large,63707
39,Female,PhD,Marketing Executive,9,Manufacturing,Delhi,Large,123536
47,Male,High School,DevOps Engineer,20,Retail,Pune,Large,162801
53,Male,High School,DevOps Engineer,12,Finance,Hyderabad,Medium,124177
59,Male,Bachelor's,Business Analyst,8,Education,Bangalore,Large,106045
39,Male,High School,HR Manager,18,Finance,Hyderabad,Small,126050
35,Female,Master's,Accountant,10,IT,Mumbai,Small,108380
34,Male,High School,Project Manager,10,Manufacturing,Delhi,Large,116493
56,Female,Master's,Business Analyst,14,Education,Delhi,Medium,122104
50,Female,Bachelor's,Sales Executive,0,Education,Mumbai,Medium,45205
21,Male,PhD,DevOps Engineer,1,Finance,Bangalore,Large,100468
32,Female,Bachelor's,Data Analyst,12,Retail,Bangalore,Large,122801
31,Male,Master's,Business Analyst,7,Finance,Mumbai,Medium,108309
34,Female,High School,Project Manager,3,Manufacturing,Chennai,Large,87837
31,Male,High School,Sales Executive,10,Education,Delhi,Medium,89475
55,Female,Bachelor's,Data Analyst,11,Finance,Bangalore,Medium,109868
42,Female,Master's,Network Engineer,16,Retail,Hyderabad,Small,128094
43,Female,Bachelor's,Project Manager,3,Finance,Hyderabad,Small,74350
50,Male,High School,Business Analyst,17,Manufacturing,Hyderabad,Medium,132664
37,Female,High School,Data Analyst,16,Manufacturing,Mumbai,Large,138492
43,Male,Master's,Network Engineer,11,Healthcare,Bangalore,Small,110686
57,Female,Bachelor's,Data Analyst,24,Finance,Mumbai,Small,162512
57,Female,Bachelor's,Business Analyst,15,Education,Mumbai,Medium,127302
52,Male,Bachelor's,Marketing Executive,11,Retail,Mumbai,Small,91556
26,Male,Master's,Network Engineer,3,IT,Pune,Medium,89599
22,Male,Master's,Data Scientist,2,Education,Mumbai,Small,73284
59,Female,High School,UI/UX Designer,19,Education,Mumbai,Small,122951
23,Female,High School,Data Analyst,0,Finance,Pune,Small,49045
54,Female,Master's,Project Manager,0,Finance,Delhi,Small,68114
52,Male,Bachelor's,Data Analyst,19,Healthcare,Pune,Large,150925
21,Male,High School,Sales Executive,1,Healthcare,Mumbai,Large,64609
59,Male,High School,Marketing Executive,18,Education,Bangalore,Large,136249
50,Female,PhD,Business Analyst,19,Manufacturing,Bangalore,Medium,160473
23,Male,High School,Software Engineer,3,Finance,Bangalore,Medium,75583
40,Female,Bachelor's,Software Engineer,7,Healthcare,Pune,Medium,91092
38,Female,PhD,Data Analyst,11,Manufacturing,Delhi,Medium,125773
60,Male,Bachelor's,Business Analyst,6,Education,Hyderabad,Small,76499
40,Male,High School,Business Analyst,19,Manufacturing,Mumbai,Small,134278
21,Female,Master's,Sales Executive,1,Retail,Pune,Large,68529
23,Female,PhD,HR Manager,2,Healthcare,Pune,Medium,87685
39,Male,Bachelor's,Sales Executive,6,Healthcare,Chennai,Medium,79756
45,Female,Bachelor's,Business Analyst,6,Education,Mumbai,Large,94745
59,Female,Master's,DevOps Engineer,12,Healthcare,Pune,Medium,131308
60,Female,Master's,Business Analyst,8,Manufacturing,Hyderabad,Medium,101909
38,Male,Master's,Marketing Executive,14,Manufacturing,Hyderabad,Large,131148
22,Male,Bachelor's,Business Analyst,1,Education,Bangalore,Large,75661
38,Female,PhD,Marketing Executive,16,Finance,Delhi,Large,156452
22,Female,PhD,Marketing Executive,0,Healthcare,Pune,Small,66601
21,Female,Bachelor's,Accountant,1,Finance,Bangalore,Large,75101
58,Female,Bachelor's,DevOps Engineer,6,Retail,Hyderabad,Small,88844
45,Male,High School,DevOps Engineer,9,Healthcare,Hyderabad,Medium,107013
34,Female,Master's,Data Analyst,0,Healthcare,Hyderabad,Large,74578
32,Male,Master's,Software Engineer,12,Healthcare,Hyderabad,Small,116678
44,Female,Bachelor's,Accountant,16,Education,Delhi,Large,131374
33,Female,PhD,Business Analyst,4,Healthcare,Delhi,Medium,98456
48,Male,High School,HR Manager,23,Finance,Bangalore,Medium,162845
60,Male,Master's,Data Analyst,15,Healthcare,Pune,Small,129930
39,Female,High School,Data Analyst,2,IT,Bangalore,Large,81146
23,Female,High School,UI/UX Designer,3,Retail,Chennai,Small,56399
54,Male,PhD,Business Analyst,8,Retail,Delhi,Medium,114492
33,Male,High School,Sales Executive,3,IT,Chennai,Medium,69766
49,Male,Master's,Project Manager,20,Manufacturing,Mumbai,Large,172593
22,Male,Bachelor's,Sales Executive,1,IT,Bangalore,Medium,67110
54,Male,Master's,Sales Executive,15,Education,Hyderabad,Medium,128376
28,Male,Bachelor's,HR Manager,2,Manufacturing,Mumbai,Small,60338
28,Female,Bachelor's,Business Analyst,2,Education,Chennai,Medium,62678
34,Male,Bachelor's,Business Analyst,14,Education,Pune,Medium,120479
53,Female,High School,Business Analyst,24,Retail,Hyderabad,Small,153953
28,Female,PhD,Project Manager,0,IT,Mumbai,Small,85646
34,Male,Master's,Business Analyst,12,Retail,Delhi,Medium,114174
35,Female,Master's,Business Analyst,8,Finance,Mumbai,Medium,103118
39,Male,Bachelor's,Business Analyst,8,Finance,Pune,Small,91098
28,Male,Bachelor's,UI/UX Designer,7,Education,Chennai,Small,80512
52,Female,Master's,DevOps Engineer,23,Retail,Pune,Medium,174877
23,Male,Bachelor's,Software Engineer,2,Finance,Bangalore,Large,86555
44,Male,High School,DevOps Engineer,13,Healthcare,Bangalore,Medium,119534
44,Female,Bachelor's,UI/UX Designer,5,IT,Bangalore,Large,99743
33,Female,High School,Network Engineer,3,Finance,Bangalore,Medium,71277
37,Male,Bachelor's,Software Engineer,0,Education,Pune,Large,67787
38,Male,Bachelor's,UI/UX Designer,1,Education,Bangalore,Small,48424
30,Male,Master's,HR Manager,10,IT,Pune,Medium,110360
39,Male,Bachelor's,Data Analyst,4,Manufacturing,Pune,Small,68299
54,Male,High School,Project Manager,4,Retail,Hyderabad,Large,90283
36,Female,Master's,Project Manager,1,Retail,Chennai,Large,83063
54,Male,PhD,Business Analyst,11,Retail,Mumbai,Small,115938
42,Male,Master's,HR Manager,20,Retail,Hyderabad,Medium,153778
31,Female,Bachelor's,UI/UX Designer,7,Finance,Pune,Small,85997
29,Female,Master's,Data Analyst,9,Retail,Chennai,Small,95482
50,Male,PhD,Accountant,21,Retail,Delhi,Large,174013
42,Female,High School,HR Manager,18,IT,Pune,Small,131379
40,Male,PhD,Sales Executive,8,IT,Delhi,Medium,113819
53,Female,Master's,Network Engineer,17,Manufacturing,Hyderabad,Large,145998
53,Female,Bachelor's,UI/UX Designer,18,Healthcare,Chennai,Medium,136672
36,Female,High School,Business Analyst,10,Education,Pune,Medium,97772
59,Male,Bachelor's,Marketing Executive,22,Healthcare,Pune,Large,159015
53,Female,Bachelor's,UI/UX Designer,24,Finance,Mumbai,Medium,170915
49,Female,PhD,UI/UX Designer,24,Education,Mumbai,Medium,184411
32,Female,Master's,DevOps Engineer,5,IT,Bangalore,Small,93931
39,Male,Bachelor's,Business Analyst,18,Retail,Mumbai,Large,144278
52,Female,Master's,Marketing Executive,1,Healthcare,Pune,Medium,69825
47,Male,Master's,DevOps Engineer,14,IT,Mumbai,Medium,143235
57,Female,PhD,UI/UX Designer,10,Education,Hyderabad,Small,109964
58,Female,Master's,Software Engineer,7,Finance,Mumbai,Medium,102817
60,Male,High School,Sales Executive,23,Healthcare,Hyderabad,Small,148541
30,Female,PhD,Sales Executive,10,Healthcare,Bangalore,Small,110026
28,Male,Master's,Data Analyst,3,Education,Delhi,Small,67053
39,Female,Master's,Accountant,11,Finance,Chennai,Medium,116008
44,Male,Bachelor's,Data Analyst,13,Education,Pune,Large,120834
44,Male,PhD,DevOps Engineer,21,Education,Mumbai,Large,189683
60,Male,High School,Project Manager,11,Manufacturing,Pune,Small,104736
47,Male,High School,Project Manager,24,Finance,Hyderabad,Medium,174071
42,Female,PhD,Accountant,21,Healthcare,Bangalore,Small,164053
35,Male,PhD,Accountant,7,Education,Hyderabad,Large,105623
47,Male,Master's,UI/UX Designer,1,Manufacturing,Hyderabad,Small,62538
44,Female,Bachelor's,Network Engineer,24,IT,Hyderabad,Small,163352
32,Male,Bachelor's,Sales Executive,0,Healthcare,Hyderabad,Small,45888
34,Male,PhD,HR Manager,9,Education,Pune,Small,96539
36,Male,Bachelor's,UI/UX Designer,14,IT,Pune,Large,142654
40,Female,PhD,Accountant,9,IT,Mumbai,Medium,121122
36,Female,Bachelor's,DevOps Engineer,8,IT,Pune,Small,106396
26,Female,Master's,Data Scientist,1,Manufacturing,Mumbai,Medium,84376
38,Female,PhD,Project Manager,4,Healthcare,Hyderabad,Medium,106155
33,Male,Bachelor's,Business Analyst,12,Retail,Mumbai,Medium,114247
59,Female,Master's,Accountant,25,IT,Delhi,Large,193768
40,Male,Bachelor's,Project Manager,8,Education,Pune,Medium,98012
37,Male,Bachelor's,Network Engineer,12,Retail,Delhi,Medium,105504
41,Male,PhD,Sales Executive,10,Healthcare,Delhi,Small,108573
21,Female,PhD,Network Engineer,0,IT,Pune,Large,91395
58,Male,PhD,Sales Executive,12,Manufacturing,Pune,Small,119810
32,Male,Bachelor's,HR Manager,2,Manufacturing,Delhi,Large,73362
45,Female,PhD,Data Scientist,17,Finance,Hyderabad,Small,158904
35,Male,Master's,Software Engineer,15,Education,Delhi,Large,139838
53,Female,PhD,Project Manager,13,Manufacturing,Pune,Medium,143715
36,Female,Master's,Marketing Executive,1,Healthcare,Pune,Medium,67862
46,Male,Master's,Business Analyst,20,Retail,Mumbai,Large,160886
43,Female,High School,DevOps Engineer,10,Finance,Mumbai,Large,123952
37,Female,Master's,HR Manager,8,Education,Bangalore,Small,82596
44,Female,High School,Project Manager,13,Education,Chennai,Small,106648
32,Female,High School,Project Manager,0,Finance,Hyderabad,Large,77259
37,Female,High School,Marketing Executive,14,Finance,Hyderabad,Small,103356
57,Female,Master's,UI/UX Designer,2,Manufacturing,Hyderabad,Medium,75128
27,Male,Bachelor's,Marketing Executive,3,Retail,Chennai,Small,54810
33,Female,Bachelor's,DevOps Engineer,2,Retail,Pune,Medium,75729
34,Male,PhD,UI/UX Designer,2,Retail,Delhi,Large,91573
29,Male,Bachelor's,Accountant,3,IT,Hyderabad,Medium,78780
60,Male,PhD,Software Engineer,2,IT,Chennai,Small,90881
26,Female,Master's,Marketing Executive,4,Education,Delhi,Medium,74928
60,Male,High School,Marketing Executive,19,Finance,Mumbai,Small,130256
60,Female,PhD,Data Analyst,19,IT,Chennai,Small,162754
33,Female,Master's,Software Engineer,0,Manufacturing,Mumbai,Medium,64023
35,Male,PhD,Data Analyst,1,IT,Pune,Small,75281
46,Male,PhD,Project Manager,17,Healthcare,Bangalore,Medium,160128
49,Male,Bachelor's,Software Engineer,7,Healthcare,Bangalore,Small,87765
39,Female,High School,Data Scientist,7,Education,Mumbai,Medium,95023
23,Female,Bachelor's,HR Manager,1,Education,Hyderabad,Medium,57066
53,Female,PhD,Data Scientist,0,Healthcare,Mumbai,Medium,89543
30,Female,PhD,Data Scientist,6,IT,Delhi,Small,116750
24,Male,PhD,DevOps Engineer,1,Healthcare,Hyderabad,Small,83336
48,Female,PhD,Software Engineer,17,Education,Pune,Small,145075
25,Female,Bachelor's,Data Analyst,0,Manufacturing,Pune,Small,51432
59,Male,Bachelor's,HR Manager,6,Healthcare,Bangalore,Large,92790
22,Female,Master's,Project Manager,2,Retail,Chennai,Large,85341
47,Male,PhD,Software Engineer,10,Education,Pune,Medium,116380
27,Female,High School,Data Scientist,3,Healthcare,Bangalore,Medium,82254
54,Male,Master's,UI/UX Designer,25,Manufacturing,Chennai,Large,191896
22,Female,High School,Project Manager,0,IT,Delhi,Small,59993
55,Male,High School,Marketing Executive,16,IT,Hyderabad,Large,135118
39,Male,Master's,DevOps Engineer,12,Finance,Bangalore,Medium,131901
21,Male,PhD,DevOps Engineer,1,Healthcare,Delhi,Medium,93126
24,Female,Master's,Data Analyst,0,Education,Chennai,Small,55355
23,Female,High School,Business Analyst,1,IT,Delhi,Medium,63507
28,Male,Master's,DevOps Engineer,2,Manufacturing,Pune,Small,73476
57,Female,PhD,Data Analyst,23,Education,Delhi,Large,185737
54,Male,PhD,Sales Executive,3,Retail,Mumbai,Medium,82309
59,Male,PhD,DevOps Engineer,3,Finance,Delhi,Large,108000
25,Female,Master's,DevOps Engineer,0,Healthcare,Pune,Small,72938
56,Male,Bachelor's,DevOps Engineer,6,Manufacturing,Hyderabad,Medium,95156
39,Female,High School,Accountant,15,Retail,Delhi,Medium,110207
45,Male,Master's,Marketing Executive,11,Finance,Delhi,Medium,114539
50,Female,PhD,Sales Executive,0,Healthcare,Hyderabad,Large,83421
32,Male,PhD,Accountant,0,Manufacturing,Chennai,Medium,68986
49,Female,Bachelor's,Sales Executive,3,IT,Bangalore,Large,80562
28,Male,PhD,Accountant,8,IT,Delhi,Small,111934
35,Female,High School,Network Engineer,13,Manufacturing,Hyderabad,Large,124867
21,Female,PhD,Software Engineer,0,IT,Bangalore,Small,78655
31,Female,High School,Marketing Executive,8,Manufacturing,Delhi,Large,95617
52,Female,High School,Data Analyst,15,Healthcare,Delhi,Large,128697
45,Female,Bachelor's,Data Analyst,16,IT,Pune,Medium,141828
46,Female,PhD,Software Engineer,9,Education,Mumbai,Small,111242
44,Female,High School,Network Engineer,12,Finance,Bangalore,Small,99968
34,Female,PhD,HR Manager,5,Manufacturing,Pune,Large,104125
54,Female,Bachelor's,Marketing Executive,25,IT,Hyderabad,Medium,169234
48,Female,Master's,DevOps Engineer,14,Retail,Mumbai,Large,143098
44,Female,High School,Accountant,17,Finance,Delhi,Small,125636
37,Male,PhD,Project Manager,16,Education,Mumbai,Large,162124
60,Male,Master's,UI/UX Designer,19,Retail,Chennai,Small,141608
45,Male,PhD,Data Analyst,19,Finance,Chennai,Small,152814
60,Male,High School,DevOps Engineer,6,Education,Chennai,Medium,83436
45,Female,PhD,Data Analyst,25,Retail,Hyderabad,Large,199089
57,Male,Bachelor's,Marketing Executive,6,Finance,Delhi,Small,72250
36,Male,Bachelor's,Software Engineer,15,Healthcare,Delhi,Medium,132947
51,Female,Bachelor's,HR Manager,11,Healthcare,Chennai,Small,96312
24,Male,Master's,Accountant,1,Education,Chennai,Medium,59363
32,Male,Bachelor's,Sales Executive,8,Retail,Delhi,Large,96757
44,Male,PhD,HR Manager,3,Retail,Bangalore,Small,79986
35,Female,PhD,UI/UX Designer,2,Education,Pune,Medium,76132
36,Female,PhD,Marketing Executive,8,Manufacturing,Delhi,Small,97335
51,Female,PhD,DevOps Engineer,22,Education,Pune,Small,171925
34,Female,Bachelor's,UI/UX Designer,1,Healthcare,Bangalore,Medium,62881
43,Female,High School,Data Analyst,7,Manufacturing,Chennai,Medium,79018
58,Male,PhD,Data Scientist,4,IT,Pune,Medium,111081
45,Male,Master's,Business Analyst,18,Manufacturing,Chennai,Medium,147203
33,Male,High School,Sales Executive,3,Retail,Mumbai,Medium,63033
55,Male,Master's,Software Engineer,10,Education,Pune,Medium,113489
38,Female,High School,Software Engineer,8,Manufacturing,Hyderabad,Small,80390
52,Female,PhD,Project Manager,24,Retail,Bangalore,Medium,192577
30,Female,High School,Data Analyst,1,Retail,Hyderabad,Large,61361
34,Female,Bachelor's,Marketing Executive,2,Education,Chennai,Small,53237
25,Male,High School,Marketing Executive,0,Manufacturing,Mumbai,Small,38908
50,Female,PhD,Software Engineer,11,Manufacturing,Hyderabad,Medium,124143
45,Male,Master's,Marketing Executive,5,Healthcare,Chennai,Medium,78553
32,Male,Bachelor's,Marketing Executive,1,Manufacturing,Chennai,Medium,53860
36,Female,High School,Business Analyst,9,IT,Mumbai,Small,94253
38,Female,PhD,Software Engineer,12,Retail,Chennai,Medium,124812
24,Male,High School,HR Manager,3,Retail,Pune,Small,55733
57,Male,Master's,Data Analyst,24,Education,Bangalore,Medium,165221
37,Male,Bachelor's,Software Engineer,2,Finance,Bangalore,Medium,76988
42,Female,High School,Sales Executive,12,Retail,Hyderabad,Large,112145
37,Male,Master's,Project Manager,2,IT,Bangalore,Small,83122
46,Male,High School,Data Scientist,11,Retail,Chennai,Large,122886
48,Male,Master's,Accountant,22,IT,Mumbai,Large,179114
51,Male,Bachelor's,Network Engineer,17,IT,Delhi,Medium,141481
58,Male,Bachelor's,Data Analyst,5,Retail,Hyderabad,Large,87138
31,Female,Master's,Accountant,9,IT,Chennai,Small,96612
26,Male,Master's,DevOps Engineer,1,Manufacturing,Mumbai,Large,93010
28,Male,Bachelor's,Sales Executive,4,Healthcare,Bangalore,Small,62658
22,Female,PhD,Project Manager,0,IT,Bangalore,Small,82033
48,Male,PhD,Sales Executive,19,Healthcare,Pune,Medium,161387
30,Female,Bachelor's,Network Engineer,7,IT,Bangalore,Large,108988
41,Male,High School,Sales Executive,19,Healthcare,Chennai,Large,145634
33,Male,Bachelor's,DevOps Engineer,12,IT,Pune,Large,135558
27,Male,High School,Accountant,3,Healthcare,Bangalore,Small,57386
46,Female,Bachelor's,HR Manager,17,Healthcare,Bangalore,Large,138702
29,Male,Master's,Sales Executive,2,Finance,Mumbai,Medium,72976
31,Male,Bachelor's,Marketing Executive,0,Finance,Chennai,Small,52796
48,Female,High School,Business Analyst,14,Education,Mumbai,Small,104205
60,Female,Bachelor's,UI/UX Designer,23,Manufacturing,Delhi,Large,173489
46,Female,Master's,Software Engineer,15,Retail,Delhi,Medium,129696
25,Male,PhD,UI/UX Designer,0,Healthcare,Bangalore,Medium,72335
36,Female,High School,Marketing Executive,6,IT,Hyderabad,Large,89369
39,Female,Bachelor's,Marketing Executive,14,Healthcare,Bangalore,Medium,116740
25,Male,Bachelor's,Network Engineer,3,Finance,Mumbai,Medium,80017
56,Male,Bachelor's,HR Manager,10,Retail,Delhi,Small,93376
57,Male,PhD,UI/UX Designer,6,Finance,Delhi,Large,119527
56,Male,PhD,Accountant,20,IT,Mumbai,Large,178492
32,Male,Bachelor's,Marketing Executive,10,Education,Delhi,Small,89537
60,Female,Master's,Network Engineer,19,Finance,Hyderabad,Small,150979
58,Female,High School,UI/UX Designer,5,Finance,Chennai,Small,75160
24,Female,High School,Business Analyst,2,Manufacturing,Hyderabad,Medium,65143
21,Female,Master's,UI/UX Designer,1,Retail,Pune,Large,75741
43,Male,PhD,Accountant,14,Education,Delhi,Medium,127158
36,Female,Master's,Network Engineer,0,Healthcare,Hyderabad,Large,80051
38,Female,Master's,DevOps Engineer,11,Finance,Bangalore,Medium,129015
27,Male,Bachelor's,DevOps Engineer,3,IT,Delhi,Medium,89251
39,Male,PhD,HR Manager,3,Manufacturing,Delhi,Medium,82130
22,Male,PhD,Business Analyst,2,Healthcare,Chennai,Small,82026
35,Male,Master's,DevOps Engineer,12,Retail,Hyderabad,Medium,125125
25,Female,Bachelor's,Business Analyst,3,Finance,Bangalore,Small,67700
47,Male,PhD,Accountant,22,Education,Hyderabad,Large,174826
34,Male,High School,Data Scientist,10,Retail,Hyderabad,Medium,111623
60,Female,Bachelor's,Marketing Executive,20,Healthcare,Delhi,Medium,141277
28,Female,Bachelor's,Business Analyst,1,Manufacturing,Chennai,Large,73500
52,Male,High School,Data Analyst,6,Healthcare,Pune,Small,69722
22,Female,PhD,Data Scientist,2,Finance,Hyderabad,Medium,105526
37,Male,High School,HR Manager,0,Retail,Hyderabad,Large,56988
47,Male,Master's,DevOps Engineer,9,IT,Delhi,Small,111613
25,Male,Bachelor's,Project Manager,4,IT,Delhi,Medium,94912
26,Male,High School,Data Scientist,3,Retail,Chennai,Medium,78456
56,Male,PhD,UI/UX Designer,15,Manufacturing,Bangalore,Small,134112
57,Male,PhD,Software Engineer,19,Finance,Delhi,Small,159089
33,Male,Master's,UI/UX Designer,10,Education,Chennai,Small,99026
40,Male,High School,Software Engineer,4,Education,Chennai,Small,57340
39,Male,High School,Data Analyst,12,IT,Delhi,Medium,112264
28,Female,Master's,Marketing Executive,3,Healthcare,Delhi,Medium,71681
24,Male,Bachelor's,UI/UX Designer,3,Manufacturing,Bangalore,Large,86277
43,Female,PhD,Data Scientist,13,Manufacturing,Hyderabad,Medium,141757
54,Female,PhD,DevOps Engineer,25,Retail,Mumbai,Medium,197300
49,Male,High School,HR Manager,11,Retail,Mumbai,Medium,94610
34,Female,High School,Accountant,9,Retail,Bangalore,Large,95133
23,Male,PhD,HR Manager,2,IT,Chennai,Medium,93616
37,Male,Master's,DevOps Engineer,10,Retail,Mumbai,Large,129475
35,Female,High School,Accountant,8,Retail,Delhi,Small,79482
46,Male,Master's,DevOps Engineer,24,Manufacturing,Hyderabad,Small,174698
52,Male,Master's,Accountant,25,Healthcare,Pune,Small,171336
41,Female,PhD,DevOps Engineer,7,Finance,Hyderabad,Medium,120508
59,Female,Bachelor's,Network Engineer,6,Finance,Mumbai,Small,80123
22,Male,Bachelor's,Accountant,1,Healthcare,Mumbai,Medium,57798
24,Female,High School,Marketing Executive,3,Finance,Mumbai,Large,73545
24,Female,Master's,UI/UX Designer,2,Manufacturing,Chennai,Large,82588
41,Female,Master's,Software Engineer,8,Education,Pune,Large,112471
50,Male,Bachelor's,UI/UX Designer,22,Manufacturing,Delhi,Small,144512
23,Male,Bachelor's,UI/UX Designer,3,Manufacturing,Hyderabad,Medium,71584
52,Male,High School,Data Analyst,24,Finance,Chennai,Medium,167267
44,Male,PhD,Accountant,21,Manufacturing,Hyderabad,Medium,160876
40,Female,PhD,Sales Executive,17,Education,Hyderabad,Large,152712
38,Male,PhD,Data Scientist,4,Healthcare,Chennai,Medium,106239
57,Male,PhD,Business Analyst,17,IT,Hyderabad,Small,156726
50,Female,High School,HR Manager,14,Finance,Bangalore,Medium,113770
39,Female,Bachelor's,Software Engineer,9,Education,Bangalore,Small,90663
48,Male,PhD,UI/UX Designer,24,Healthcare,Pune,Large,193502
24,Male,Bachelor's,Accountant,2,IT,Mumbai,Medium,70278
46,Male,Bachelor's,Project Manager,18,Education,Hyderabad,Medium,139724
33,Male,High School,Accountant,0,Education,Chennai,Small,37054
26,Male,Master's,Marketing Executive,6,Manufacturing,Mumbai,Medium,89357
28,Male,PhD,Marketing Executive,2,Retail,Hyderabad,Medium,71353
36,Male,Bachelor's,Business Analyst,8,Healthcare,Bangalore,Large,108801
45,Male,PhD,Project Manager,25,IT,Delhi,Medium,203724
29,Male,High School,UI/UX Designer,5,Manufacturing,Bangalore,Small,63696
42,Male,High School,UI/UX Designer,8,IT,Hyderabad,Large,104252
22,Female,High School,Business Analyst,1,IT,Bangalore,Large,82052
34,Female,High School,Marketing Executive,0,Finance,Bangalore,Small,43338
31,Female,PhD,Business Analyst,10,Manufacturing,Bangalore,Large,130279
56,Female,Bachelor's,Marketing Executive,8,Education,Hyderabad,Small,73780
41,Male,Master's,Project Manager,21,Manufacturing,Bangalore,Medium,170248
38,Male,Master's,HR Manager,10,Education,Chennai,Large,115577
54,Female,Master's,Software Engineer,4,Retail,Hyderabad,Medium,78514
32,Female,Bachelor's,Data Scientist,12,Finance,Chennai,Large,143718
35,Female,High School,DevOps Engineer,11,Finance,Delhi,Large,124308
53,Male,High School,Marketing Executive,16,IT,Mumbai,Medium,130144
53,Male,PhD,HR Manager,2,Healthcare,Chennai,Medium,83867
32,Female,PhD,Business Analyst,4,Education,Mumbai,Medium,91480
57,Female,Master's,Network Engineer,12,Finance,Hyderabad,Medium,122625
24,Male,PhD,Software Engineer,0,Education,Pune,Large,85392
40,Female,PhD,Data Scientist,17,Manufacturing,Delhi,Medium,164480
34,Female,PhD,Network Engineer,7,Finance,Pune,Medium,111723
22,Male,High School,Data Scientist,2,IT,Hyderabad,Medium,84664
31,Female,Master's,Marketing Executive,5,Manufacturing,Bangalore,Large,87213
26,Male,PhD,Software Engineer,6,Retail,Pune,Small,93143
50,Female,PhD,Network Engineer,0,Finance,Mumbai,Small,67706
51,Male,Bachelor's,Data Analyst,9,Manufacturing,Mumbai,Small,86657
44,Female,Bachelor's,DevOps Engineer,1,Manufacturing,Delhi,Large,80539
59,Female,Master's,Project Manager,16,Finance,Mumbai,Large,156544
36,Female,High School,Business Analyst,13,Retail,Chennai,Large,120801
42,Male,Master's,DevOps Engineer,9,Retail,Chennai,Medium,110339
49,Female,Bachelor's,DevOps Engineer,23,IT,Mumbai,Large,185854
49,Female,High School,Accountant,23,Finance,Bangalore,Small,144887
31,Female,Bachelor's,Sales Executive,3,Manufacturing,Bangalore,Medium,63177
50,Male,Master's,DevOps Engineer,13,IT,Delhi,Medium,140057
45,Female,Master's,Data Analyst,10,IT,Bangalore,Large,125791
53,Male,High School,Software Engineer,2,Healthcare,Hyderabad,Small,61714
59,Female,High School,Business Analyst,5,Manufacturing,Chennai,Large,92128
43,Female,Bachelor's,Business Analyst,5,Education,Mumbai,Medium,77491
34,Male,Bachelor's,Marketing Executive,9,Manufacturing,Chennai,Small,86984
33,Female,Bachelor's,DevOps Engineer,11,Education,Pune,Small,109977
32,Female,Master's,Data Analyst,1,IT,Hyderabad,Small,63523
52,Female,Bachelor's,Data Analyst,14,Healthcare,Bangalore,Large,135551
45,Female,PhD,Marketing Executive,18,Finance,Mumbai,Small,147840
51,Male,High School,Software Engineer,7,Healthcare,Bangalore,Small,76573
56,Male,Bachelor's,Software Engineer,14,Manufacturing,Pune,Medium,125803
60,Male,Bachelor's,Business Analyst,6,Education,Bangalore,Small,78804
33,Male,High School,DevOps Engineer,4,Healthcare,Pune,Medium,79619
50,Male,Master's,Network Engineer,21,Manufacturing,Delhi,Small,152249
55,Male,High School,Software Engineer,22,Retail,Hyderabad,Medium,149831
22,Female,PhD,Data Analyst,2,Finance,Hyderabad,Large,98688
32,Male,Master's,Network Engineer,3,Education,Hyderabad,Small,64935
25,Female,PhD,Marketing Executive,2,IT,Mumbai,Medium,81484
33,Male,Bachelor's,Software Engineer,2,Retail,Pune,Large,79109
21,Female,High School,Business Analyst,1,Healthcare,Hyderabad,Small,50494
35,Female,High School,Business Analyst,0,Retail,Delhi,Large,66087
43,Female,PhD,Marketing Executive,16,Healthcare,Delhi,Large,148080
58,Female,High School,Project Manager,10,Healthcare,Hyderabad,Medium,104883
36,Male,PhD,Network Engineer,12,Healthcare,Delhi,Medium,132296
32,Female,PhD,Marketing Executive,8,IT,Pune,Small,102200
23,Female,Bachelor's,UI/UX Designer,2,Retail,Chennai,Large,70753
37,Male,Bachelor's,Data Analyst,12,Education,Mumbai,Medium,107847
59,Female,Master's,Data Analyst,6,Education,Delhi,Medium,87201
23,Female,PhD,Network Engineer,3,Retail,Delhi,Large,99231
41,Female,Master's,Network Engineer,14,IT,Hyderabad,Small,129155
50,Female,Bachelor's,Sales Executive,20,Healthcare,Hyderabad,Large,153869
58,Male,Master's,HR Manager,14,Education,Mumbai,Small,111623
38,Female,Bachelor's,Data Analyst,18,Education,Delhi,Medium,139791
54,Female,Master's,HR Manager,4,Education,Pune,Small,71215
21,Female,High School,Business Analyst,1,Manufacturing,Pune,Small,52145
25,Female,PhD,Marketing Executive,4,Education,Pune,Small,80658
29,Male,Bachelor's,UI/UX Designer,0,Manufacturing,Bangalore,Medium,58608
52,Male,Bachelor's,Marketing Executive,3,Education,Mumbai,Small,52028
36,Female,High School,Accountant,0,Healthcare,Mumbai,Large,65617
28,Female,Bachelor's,Data Scientist,5,Manufacturing,Chennai,Small,85862
45,Female,High School,Network Engineer,0,Retail,Delhi,Small,45046
55,Male,PhD,UI/UX Designer,6,Retail,Hyderabad,Large,105505
33,Male,High School,HR Manager,4,Manufacturing,Mumbai,Medium,65048
58,Female,Master's,Sales Executive,16,Manufacturing,Pune,Medium,134228
22,Female,PhD,Software Engineer,2,Education,Hyderabad,Small,74462
45,Male,Master's,HR Manager,3,Finance,Mumbai,Small,72051
58,Female,PhD,Project Manager,2,Healthcare,Bangalore,Medium,89350
45,Female,PhD,Sales Executive,7,Finance,Hyderabad,Medium,109524
40,Female,Master's,Project Manager,0,Healthcare,Pune,Medium,70997
54,Male,Master's,Accountant,4,Manufacturing,Mumbai,Medium,78490
31,Male,Master's,HR Manager,7,Manufacturing,Hyderabad,Medium,98401
53,Female,PhD,Data Scientist,16,Education,Bangalore,Large,170370
32,Male,Bachelor's,Data Scientist,1,Finance,Delhi,Small,68509
41,Male,High School,Software Engineer,18,Education,Delhi,Small,122271
21,Female,Master's,Accountant,1,Healthcare,Chennai,Medium,70413
25,Female,Master's,Data Analyst,2,Manufacturing,Mumbai,Large,84399
21,Male,Master's,Sales Executive,1,Retail,Pune,Small,51117
46,Female,Master's,Marketing Executive,21,Education,Delhi,Medium,152874
46,Female,PhD,DevOps Engineer,11,Education,Mumbai,Medium,133375
46,Female,Master's,Data Scientist,1,IT,Pune,Large,96788
58,Female,Master's,Marketing Executive,13,Healthcare,Bangalore,Small,112459
24,Female,PhD,Accountant,2,Finance,Pune,Large,92352
50,Male,Master's,DevOps Engineer,11,Healthcare,Bangalore,Small,119563
25,Male,Master's,DevOps Engineer,5,IT,Mumbai,Large,119247
55,Female,Bachelor's,UI/UX Designer,14,Retail,Mumbai,Large,124568
24,Male,PhD,Data Scientist,3,Healthcare,Mumbai,Medium,107070
23,Male,Bachelor's,Data Analyst,1,Healthcare,Bangalore,Small,51957
55,Male,Bachelor's,Network Engineer,22,Finance,Bangalore,Small,149777
28,Female,Master's,UI/UX Designer,8,IT,Mumbai,Medium,112220
55,Male,Master's,Accountant,10,Education,Chennai,Medium,102743
43,Male,PhD,Data Analyst,4,Healthcare,Hyderabad,Medium,95751
59,Male,Master's,Marketing Executive,14,Education,Delhi,Large,129199
25,Male,Bachelor's,UI/UX Designer,3,Retail,Mumbai,Large,78457
42,Male,PhD,Sales Executive,11,Retail,Mumbai,Small,113390
57,Male,PhD,UI/UX Designer,11,Healthcare,Hyderabad,Medium,126857
45,Male,High School,Network Engineer,1,Retail,Delhi,Large,66580
29,Female,PhD,Network Engineer,4,Healthcare,Delhi,Medium,91754
58,Female,PhD,UI/UX Designer,6,Retail,Chennai,Small,95605
44,Female,PhD,Network Engineer,3,Education,Bangalore,Medium,88750
59,Male,High School,Software Engineer,1,Finance,Delhi,Medium,69440
24,Male,Master's,DevOps Engineer,4,Manufacturing,Delhi,Small,82078
55,Female,PhD,Data Scientist,21,IT,Bangalore,Small,177732
57,Female,Master's,Marketing Executive,1,Manufacturing,Mumbai,Small,54934
47,Female,Bachelor's,Data Scientist,22,IT,Hyderabad,Medium,178963
47,Male,Bachelor's,Network Engineer,6,Finance,Delhi,Medium,92551
30,Female,Bachelor's,DevOps Engineer,4,Finance,Mumbai,Small,80941
55,Female,Master's,Software Engineer,2,Finance,Hyderabad,Large,91142
41,Male,Master's,Data Analyst,19,Manufacturing,Chennai,Small,138812
39,Female,Master's,HR Manager,16,Healthcare,Hyderabad,Medium,137046
21,Female,Bachelor's,Data Scientist,0,Retail,Hyderabad,Large,73400
29,Male,Master's,Software Engineer,4,Healthcare,Bangalore,Small,74197
50,Female,High School,UI/UX Designer,15,Retail,Bangalore,Small,109457
29,Female,PhD,UI/UX Designer,7,Manufacturing,Bangalore,Medium,107309
42,Female,PhD,Sales Executive,8,IT,Mumbai,Small,106848
51,Female,Master's,Marketing Executive,7,Healthcare,Pune,Small,87170
27,Male,PhD,Sales Executive,2,Education,Hyderabad,Medium,80504
34,Male,Bachelor's,Network Engineer,12,Healthcare,Bangalore,Medium,110274
25,Male,High School,UI/UX Designer,2,IT,Bangalore,Medium,69088
57,Female,PhD,Data Scientist,1,Education,Pune,Large,101761
32,Male,PhD,Business Analyst,4,Finance,Bangalore,Large,107156
59,Male,High School,HR Manager,19,Education,Hyderabad,Large,139925
49,Female,Bachelor's,Network Engineer,11,Manufacturing,Chennai,Medium,102934
39,Male,High School,DevOps Engineer,5,IT,Mumbai,Large,100404
23,Female,Master's,Network Engineer,3,IT,Hyderabad,Small,76619
33,Female,Master's,HR Manager,6,Education,Chennai,Medium,84444
31,Male,PhD,Network Engineer,11,IT,Chennai,Small,118622
24,Male,Bachelor's,Data Scientist,3,Education,Mumbai,Large,90728
31,Female,High School,UI/UX Designer,7,Retail,Mumbai,Large,95403
27,Male,Bachelor's,HR Manager,0,Retail,Chennai,Small,40233
23,Male,High School,UI/UX Designer,0,Education,Bangalore,Large,60605
53,Female,PhD,UI/UX Designer,23,Education,Mumbai,Medium,177094
44,Female,PhD,Data Analyst,17,Education,Bangalore,Large,160077
22,Male,Master's,Project Manager,0,Education,Delhi,Small,59011
39,Female,Master's,UI/UX Designer,12,Manufacturing,Mumbai,Large,125065
42,Female,PhD,DevOps Engineer,9,Finance,Chennai,Small,121621
52,Female,Master's,Data Analyst,6,Retail,Chennai,Small,82486
57,Female,PhD,Marketing Executive,21,Manufacturing,Pune,Medium,163860
47,Female,High School,UI/UX Designer,0,Finance,Delhi,Small,50157
30,Male,PhD,DevOps Engineer,2,Healthcare,Pune,Medium,91446
21,Female,Bachelor's,Data Scientist,0,Healthcare,Hyderabad,Large,82546
43,Male,Master's,DevOps Engineer,15,Finance,Mumbai,Large,155265
52,Male,PhD,Software Engineer,12,Healthcare,Hyderabad,Medium,135039
40,Male,High School,Data Scientist,6,Retail,Mumbai,Small,80615
52,Male,Bachelor's,Network Engineer,4,Retail,Bangalore,Small,63281
44,Male,Bachelor's,Project Manager,20,Manufacturing,Bangalore,Large,162722
59,Female,Master's,Software Engineer,20,IT,Delhi,Large,179302
46,Female,Master's,Software Engineer,4,Education,Mumbai,Large,90246
59,Female,PhD,Accountant,1,Finance,Delhi,Large,93672
46,Female,High School,Software Engineer,14,Education,Pune,Small,106971
46,Male,PhD,Sales Executive,13,Retail,Chennai,Large,138568
21,Female,Bachelor's,Accountant,1,Education,Pune,Small,42768
54,Female,Master's,Network Engineer,10,Finance,Chennai,Large,121706
57,Male,Bachelor's,Sales Executive,15,Education,Pune,Small,106838
41,Female,Bachelor's,Business Analyst,14,Finance,Delhi,Medium,131852
59,Female,Bachelor's,Business Analyst,22,IT,Delhi,Large,179659
32,Female,Bachelor's,Project Manager,3,Manufacturing,Chennai,Medium,80016
27,Female,Master's,Data Analyst,0,Healthcare,Pune,Large,72424
55,Female,PhD,Accountant,1,Education,Bangalore,Large,86018
54,Male,Bachelor's,Project Manager,15,Healthcare,Pune,Medium,133527
60,Female,High School,Accountant,11,Education,Pune,Large,107333
26,Male,Master's,Project Manager,1,IT,Pune,Large,93355
27,Male,High School,Data Analyst,3,Education,Pune,Large,71888
51,Female,High School,Data Scientist,13,Manufacturing,Bangalore,Medium,128370
36,Male,High School,UI/UX Designer,0,Finance,Bangalore,Small,51316
34,Male,Master's,Data Scientist,1,IT,Hyderabad,Large,98439
58,Male,Master's,Data Scientist,3,Finance,Hyderabad,Small,88971
34,Male,High School,Project Manager,10,IT,Pune,Large,119303
31,Female,High School,Data Scientist,7,Finance,Hyderabad,Large,114428
32,Male,High School,Data Scientist,0,Retail,Chennai,Large,72012
27,Male,PhD,UI/UX Designer,7,Healthcare,Mumbai,Large,113627
21,Male,High School,Business Analyst,0,Education,Chennai,Small,43817
40,Male,Bachelor's,Project Manager,16,Finance,Pune,Medium,143106
25,Male,Master's,DevOps Engineer,2,Education,Chennai,Medium,76860
50,Male,High School,DevOps Engineer,20,Manufacturing,Pune,Medium,149185
51,Male,Bachelor's,Software Engineer,4,Healthcare,Hyderabad,Small,75514
21,Male,Master's,UI/UX Designer,0,Manufacturing,Pune,Large,72928
34,Male,High School,Sales Executive,2,Manufacturing,Delhi,Small,50138
59,Male,Bachelor's,Data Scientist,22,Healthcare,Delhi,Small,160274
43,Male,PhD,Sales Executive,5,Finance,Chennai,Small,87187
26,Female,High School,Data Analyst,1,Education,Mumbai,Large,63253
31,Male,Bachelor's,Data Scientist,8,Education,Mumbai,Large,109663
26,Female,PhD,Accountant,3,IT,Hyderabad,Medium,96298
47,Male,Bachelor's,Network Engineer,23,IT,Bangalore,Medium,168957
33,Male,PhD,Project Manager,8,Finance,Mumbai,Medium,118257
31,Female,High School,Network Engineer,2,Retail,Chennai,Small,51537
34,Male,High School,Project Manager,10,Manufacturing,Hyderabad,Medium,101271
59,Male,Master's,Data Analyst,16,IT,Delhi,Medium,146329
41,Male,High School,Accountant,10,Healthcare,Pune,Medium,99974
39,Female,PhD,Business Analyst,13,IT,Bangalore,Medium,145646
49,Male,PhD,Software Engineer,19,Manufacturing,Hyderabad,Large,167888
49,Male,Master's,UI/UX Designer,12,Healthcare,Hyderabad,Medium,121274
41,Female,High School,Business Analyst,0,Finance,Mumbai,Small,56747
49,Male,Bachelor's,Accountant,7,Finance,Pune,Small,86464
36,Male,High School,Marketing Executive,4,IT,Hyderabad,Small,63166
37,Male,PhD,HR Manager,0,Education,Pune,Small,65773
23,Female,High School,Data Scientist,2,Healthcare,Hyderabad,Medium,72052
25,Male,PhD,UI/UX Designer,5,Manufacturing,Chennai,Medium,93953
50,Female,PhD,Project Manager,1,Retail,Chennai,Medium,87859
56,Female,Bachelor's,UI/UX Designer,12,Manufacturing,Hyderabad,Small,99917
49,Male,High School,Project Manager,23,Manufacturing,Chennai,Large,172537
55,Female,High School,Network Engineer,21,IT,Hyderabad,Small,146993
47,Female,PhD,Business Analyst,15,Education,Mumbai,Small,130617
38,Male,PhD,DevOps Engineer,18,IT,Hyderabad,Medium,177310
30,Female,PhD,Sales Executive,1,Healthcare,Chennai,Small,71146
23,Female,Bachelor's,UI/UX Designer,1,Finance,Pune,Small,60234
35,Male,PhD,Accountant,9,Finance,Mumbai,Medium,116785
33,Male,Bachelor's,Software Engineer,11,Retail,Chennai,Large,121218
38,Female,PhD,HR Manager,16,Healthcare,Delhi,Large,153861
50,Female,Bachelor's,HR Manager,5,Manufacturing,Delhi,Medium,72760
31,Female,Master's,Software Engineer,11,Retail,Bangalore,Large,126441
33,Female,Master's,Sales Executive,11,Healthcare,Pune,Medium,108717
50,Female,Bachelor's,Marketing Executive,7,Manufacturing,Mumbai,Large,90644
36,Male,PhD,UI/UX Designer,2,Education,Mumbai,Small,75754
36,Male,Bachelor's,HR Manager,10,Healthcare,Hyderabad,Medium,97926
27,Male,PhD,HR Manager,6,Finance,Chennai,Small,95289
29,Female,Master's,Sales Executive,1,Manufacturing,Bangalore,Medium,62400
47,Male,PhD,Data Scientist,6,Retail,Pune,Medium,110557
33,Female,PhD,Software Engineer,5,Healthcare,Chennai,Medium,102448
28,Male,Bachelor's,Project Manager,4,Healthcare,Bangalore,Small,73724
50,Female,Master's,Network Engineer,10,Healthcare,Chennai,Large,123832
39,Female,High School,UI/UX Designer,5,Retail,Pune,Large,81443
40,Male,Bachelor's,Accountant,12,IT,Chennai,Small,104822
28,Female,Master's,Business Analyst,6,Manufacturing,Pune,Small,87347
39,Male,PhD,Data Scientist,5,Healthcare,Mumbai,Large,121795
34,Female,PhD,Marketing Executive,10,Manufacturing,Pune,Small,104929
21,Male,PhD,Marketing Executive,0,IT,Chennai,Medium,80667
35,Male,PhD,Network Engineer,8,Finance,Delhi,Small,107564
50,Male,Bachelor's,Project Manager,17,Healthcare,Delhi,Small,130921
53,Female,Bachelor's,Project Manager,2,Education,Chennai,Small,66766
45,Male,Master's,HR Manager,5,Manufacturing,Hyderabad,Large,93901
47,Female,PhD,Sales Executive,0,Manufacturing,Delhi,Large,76871
22,Male,PhD,HR Manager,1,Manufacturing,Mumbai,Medium,73909
25,Female,PhD,Network Engineer,4,Manufacturing,Delhi,Small,84540
21,Male,High School,Project Manager,1,Education,Hyderabad,Medium,58177
27,Male,Master's,Software Engineer,2,Finance,Delhi,Small,74804
23,Female,Master's,Software Engineer,0,Finance,Mumbai,Small,67379
35,Male,High School,Data Scientist,4,IT,Pune,Medium,90329
60,Female,Master's,Data Scientist,17,Healthcare,Hyderabad,Medium,156737
60,Male,PhD,Accountant,19,Healthcare,Bangalore,Small,146605
39,Male,Master's,Project Manager,2,Finance,Chennai,Medium,88793
35,Male,Bachelor's,HR Manager,15,Manufacturing,Pune,Medium,123299
58,Female,Bachelor's,Accountant,11,Manufacturing,Chennai,Large,115986
41,Male,PhD,DevOps Engineer,21,Education,Bangalore,Medium,180216
35,Female,Master's,Marketing Executive,0,Education,Mumbai,Large,70843
55,Female,PhD,Business Analyst,6,Education,Hyderabad,Medium,97633
23,Male,Bachelor's,Network Engineer,2,Healthcare,Delhi,Large,78184
21,Female,Bachelor's,Network Engineer,1,IT,Bangalore,Medium,64916
29,Female,Master's,Accountant,8,Manufacturing,Mumbai,Large,108971
21,Female,Bachelor's,Marketing Executive,1,Healthcare,Delhi,Medium,53780
52,Female,High School,Data Scientist,10,IT,Hyderabad,Small,107122
45,Male,Bachelor's,Sales Executive,5,Healthcare,Delhi,Medium,81124
22,Female,Master's,Marketing Executive,0,Retail,Chennai,Small,53937
35,Female,PhD,Marketing Executive,10,Finance,Chennai,Small,110000
51,Female,PhD,DevOps Engineer,24,Retail,Chennai,Small,183837
44,Female,Master's,Business Analyst,24,Finance,Mumbai,Medium,177534
42,Female,Bachelor's,Data Scientist,2,Healthcare,Delhi,Large,92869
50,Male,High School,Data Analyst,25,Manufacturing,Mumbai,Medium,162085
51,Female,Bachelor's,Network Engineer,18,Healthcare,Pune,Large,150369
31,Male,PhD,Business Analyst,3,Healthcare,Delhi,Large,99829
24,Male,Master's,Project Manager,1,IT,Mumbai,Small,80679
37,Female,Master's,Network Engineer,2,Manufacturing,Hyderabad,Small,62351
47,Female,Master's,Business Analyst,18,Healthcare,Bangalore,Large,156133
33,Male,PhD,Sales Executive,10,Manufacturing,Bangalore,Medium,114658
47,Male,Master's,Data Scientist,2,Manufacturing,Mumbai,Large,91356
38,Male,Master's,Data Scientist,1,IT,Mumbai,Small,80816
47,Female,High School,Accountant,2,Retail,Mumbai,Large,64094
49,Male,Bachelor's,UI/UX Designer,4,Education,Chennai,Large,81580
53,Female,Master's,Data Analyst,1,Manufacturing,Pune,Small,56893
45,Male,Bachelor's,HR Manager,1,Manufacturing,Delhi,Small,54767
44,Male,Master's,Data Analyst,9,Retail,Delhi,Medium,104375
48,Male,Bachelor's,UI/UX Designer,1,IT,Delhi,Large,76928
35,Male,High School,DevOps Engineer,15,Finance,Delhi,Small,131008
36,Female,PhD,DevOps Engineer,13,Manufacturing,Mumbai,Medium,145098
50,Female,PhD,Marketing Executive,7,Education,Mumbai,Medium,98211
40,Female,High School,HR Manager,10,Healthcare,Pune,Small,88097
33,Male,High School,Data Analyst,5,IT,Bangalore,Medium,86907
41,Male,Bachelor's,HR Manager,11,IT,Pune,Large,120648
36,Male,High School,HR Manager,6,Healthcare,Delhi,Large,89100
54,Male,Master's,DevOps Engineer,10,IT,Mumbai,Small,120168
37,Female,PhD,Data Scientist,0,Education,Hyderabad,Medium,83611
27,Female,High School,DevOps Engineer,5,Healthcare,Chennai,Large,98659
31,Female,PhD,Project Manager,1,Retail,Bangalore,Large,91725
50,Female,PhD,HR Manager,22,IT,Bangalore,Large,184879
48,Male,Master's,Business Analyst,18,Finance,Chennai,Small,142583
35,Female,Bachelor's,Business Analyst,11,Education,Hyderabad,Small,102448
32,Female,Master's,Accountant,8,Retail,Pune,Small,91885
43,Male,PhD,UI/UX Designer,2,Manufacturing,Chennai,Large,98567
38,Female,PhD,UI/UX Designer,10,Healthcare,Chennai,Medium,122266
30,Male,High School,Software Engineer,3,Healthcare,Hyderabad,Medium,70466
30,Female,PhD,Business Analyst,8,Retail,Chennai,Medium,114088
21,Male,PhD,Business Analyst,0,Retail,Delhi,Medium,72046
40,Male,PhD,Software Engineer,12,Manufacturing,Pune,Large,142938
52,Male,Master's,Software Engineer,4,Manufacturing,Bangalore,Large,90938
40,Female,PhD,Business Analyst,2,Manufacturing,Hyderabad,Large,94953
38,Male,High School,UI/UX Designer,13,Finance,Hyderabad,Medium,115130
40,Male,PhD,Network Engineer,0,Retail,Bangalore,Large,83313
38,Female,PhD,Marketing Executive,11,Finance,Mumbai,Medium,121435
53,Female,Bachelor's,Data Scientist,22,Retail,Mumbai,Medium,163479
43,Male,High School,Sales Executive,21,Education,Pune,Large,150193
43,Female,PhD,Data Analyst,23,Manufacturing,Chennai,Medium,179322
26,Male,PhD,Sales Executive,6,Retail,Pune,Medium,99267
36,Male,Bachelor's,Sales Executive,13,Healthcare,Mumbai,Large,124097
57,Male,Master's,Data Analyst,11,Manufacturing,Mumbai,Small,104089
34,Female,Master's,Sales Executive,9,Finance,Bangalore,Small,98585
25,Male,Bachelor's,Marketing Executive,4,Education,Pune,Medium,71723
29,Female,Bachelor's,UI/UX Designer,1,Manufacturing,Mumbai,Large,72610
56,Female,PhD,Network Engineer,24,Education,Pune,Medium,183356
53,Female,PhD,DevOps Engineer,20,Finance,Hyderabad,Large,187677
24,Male,Bachelor's,Business Analyst,2,Manufacturing,Hyderabad,Medium,70368
57,Female,Bachelor's,Marketing Executive,5,Retail,Delhi,Small,63603
29,Female,High School,Data Analyst,3,Finance,Mumbai,Medium,75107
21,Male,PhD,Sales Executive,0,Finance,Hyderabad,Large,89349
53,Female,Bachelor's,Business Analyst,13,Manufacturing,Delhi,Small,111167
35,Male,High School,Sales Executive,12,Finance,Bangalore,Small,100770
33,Female,PhD,Business Analyst,5,Finance,Delhi,Large,117533
50,Female,PhD,Network Engineer,11,Manufacturing,Chennai,Small,111563
21,Male,High School,DevOps Engineer,1,IT,Bangalore,Large,87180
34,Female,Bachelor's,Data Scientist,0,Healthcare,Pune,Small,63990
45,Female,Master's,Data Scientist,6,Manufacturing,Delhi,Small,97769
26,Female,Bachelor's,Software Engineer,0,Finance,Pune,Small,61546
42,Female,PhD,Data Scientist,16,Manufacturing,Hyderabad,Large,167274
25,Male,High School,Data Analyst,5,Manufacturing,Bangalore,Large,87145
52,Female,High School,HR Manager,25,Manufacturing,Mumbai,Medium,163942
35,Male,Master's,Business Analyst,12,Finance,Pune,Small,115594
47,Female,Master's,Marketing Executive,10,IT,Bangalore,Small,99806
32,Male,Master's,Software Engineer,10,Finance,Mumbai,Medium,117653
33,Female,High School,UI/UX Designer,10,Finance,Bangalore,Large,113618
29,Female,Master's,Sales Executive,7,Education,Hyderabad,Large,94277
36,Male,Master's,Sales Executive,1,Retail,Mumbai,Large,74972
25,Female,PhD,Marketing Executive,1,Finance,Chennai,Large,92377
59,Male,Master's,Data Scientist,2,Manufacturing,Pune,Large,99317
53,Female,High School,DevOps Engineer,5,IT,Chennai,Small,89119
50,Male,PhD,Sales Executive,14,Healthcare,Pune,Small,128552
26,Male,Master's,Business Analyst,3,Education,Chennai,Small,66693
45,Male,Master's,UI/UX Designer,3,Healthcare,Delhi,Large,87646
57,Female,Master's,Network Engineer,9,Healthcare,Bangalore,Large,116740
50,Female,PhD,Sales Executive,15,IT,Delhi,Small,138123
42,Female,High School,DevOps Engineer,0,Retail,Hyderabad,Large,74737
43,Male,PhD,DevOps Engineer,23,Education,Pune,Small,174912
57,Male,Master's,Network Engineer,22,Finance,Mumbai,Small,164489
39,Female,Bachelor's,UI/UX Designer,2,Education,Hyderabad,Medium,60737
56,Female,Master's,UI/UX Designer,24,Finance,Mumbai,Small,173763
23,Male,Bachelor's,Software Engineer,3,Manufacturing,Bangalore,Small,64017
56,Female,High School,Data Analyst,17,Finance,Hyderabad,Large,144988
51,Female,Bachelor's,Business Analyst,13,Finance,Hyderabad,Small,114162
39,Male,Bachelor's,Sales Executive,8,Healthcare,Mumbai,Medium,93536
27,Female,Master's,Sales Executive,0,Manufacturing,Chennai,Medium,58175
58,Female,PhD,Business Analyst,13,IT,Chennai,Medium,145882
33,Male,Bachelor's,Data Analyst,9,Education,Chennai,Large,109172
